Workbook
Name budget2024: 'FFB Budget 2026 - 2 summary'!$C$5:$AG$52
Name budget2026: 'FFB Budget 2026 - 2 summary'!$C$5:$U$52
Name coupe: 'FFB Budget 2025'!$W$5:$Z$55
Name DARSO: 'DARSO GANG'!$A$7:$K$14
Name ERDI: 'YUDI GANG'!$A$7:$J$9
Name ffbbudgettwofive: 'FFB Budget 2026 - 2 summary'!$C$5:$AG$145
Name ffbbudgettwofive: 'FFB Budget 2025'!$C$5:$U$100
Name harvestinground: 'HARVESTING ROUND'!$B$3:$J$36
Name july: 'HARVESTING ROUND'!$N$3:$Y$37
Name manday: 'HARVESTING INTERVAL- JAN 26'!$C$5:$BG$76
Name NURAZANI: 'NU AZANI GANG'!$A$7:$J$12
Name october2024: 'HARVESTING INTERVAL- JAN 26'!$C$5:$BG$76
Name SERAN: 'SOFIO GANG'!$A$7:$J$12
Name WENDERLINUS: 'WENDERLINUS GANG '!$A$7:$J$14
Name year2022to23: 'Harvesting Round Record'!$B$9:$XFD$50
Name YUVENTUS: 'YUVENTUS UN GANG'!$A$7:$K$9

Sheet OVERALL BY GANG COMPARISON YTD2
A1: YIELD TO DATE OF CURRENT YEAR VS. PAST YEAR
D4: Budget (MT) | E4: YTD (MT) | F4: Budget (MT) | G4: YTD (MT) | H4: Actual Variance (MT) | I4: YTD MT / HA
B5: O/P | C5: Total HA | D5: 2026 | F5: 2025 | H5: 2026 vs 2025 | I5: 2026 | J5: 2025 | Z5: 2025 FFB BUDGET
B6: =B7 -> 2010 | C6: =SUM(C7:C18) -> 615.51 | D6: =SUM(D7:D18) -> 11520 | E6: =SUM(E7:E18) -> 723.12 | F6: =SUM(F7:F18) -> 12143 | G6: =SUM(G7:G18) -> 9294.3 | H6: =G6-E6 -> 8571.18 | I6: =E6/C6 -> 1.1748306 | J6: =G6/C6 -> 15.100161 | Z6: Jan | AA6: Feb | AB6: Mar | AC6: Apr | AD6: May | AE6: Jun | AF6: Jul | AG6: Aug | AH6: Sep | AI6: Oct | AJ6: Nov | AK6: Dec
A7: 1 | B7: =VLOOKUP(A7,coupe,3,FALSE) -> 2010 | C7: =VLOOKUP(A7,YUVENTUS,2,FALSE) -> 53.09 | D7: =VLOOKUP(A7,budget2026,19,FALSE) -> 1009 | E7: =VLOOKUP(A7,year2022to23,374,FALSE) -> 64.28 | F7: =VLOOKUP(A7,coupe,4,FALSE) -> 1064 | G7: =VLOOKUP(A7,year2022to23,313,FALSE) -> 909.79 | H7: =G7-E7 -> 845.51 | I7: =E7/C7 -> 1.2107742 | J7: =G7/C7 -> 17.136749 | Z7: =VLOOKUP(A7,ffbbudgettwofive,7,FALSE) -> 53.2 | AA7: =VLOOKUP(A7,ffbbudgettwofive,8,FALSE) -> 42.56 | AB7: =VLOOKUP(A7,ffbbudgettwofive,9,FALSE) -> 74.48 | AC7: =VLOOKUP(A7,ffbbudgettwofive,10,FALSE) -> 74.48 | AD7: =VLOOKUP(A7,ffbbudgettwofive,11,FALSE) -> 74.48 | AE7: =VLOOKUP(A7,ffbbudgettwofive,12,FALSE) -> 74.48 | AF7: =VLOOKUP(A7,ffbbudgettwofive,13,FALSE) -> 85 | AG7: =VLOOKUP(A7,ffbbudgettwofive,14,FALSE) -> 106 | AH7: =VLOOKUP(A7,ffbbudgettwofive,15,FALSE) -> 106 | AI7: =VLOOKUP(A7,ffbbudgettwofive,16,FALSE) -> 149 | AJ7: =VLOOKUP(A7,ffbbudgettwofive,17,FALSE) -> 117 | AK7: =VLOOKUP(A7,ffbbudgettwofive,18,FALSE) -> 106
A8: 2 | B8: =VLOOKUP(A8,coupe,3,FALSE) -> 2010 | C8: =VLOOKUP(A8,ERDI,2,FALSE) -> 60.27 | D8: =VLOOKUP(A8,budget2026,19,FALSE) -> 1151 | E8: =VLOOKUP(A8,year2022to23,374,FALSE) -> 89.97 | F8: =VLOOKUP(A8,coupe,4,FALSE) -> 1208 | G8: =VLOOKUP(A8,year2022to23,313,FALSE) -> 889.57 | H8: =G8-E8 -> 799.6 | I8: =E8/C8 -> 1.4927825 | J8: =G8/C8 -> 14.759748 | Z8: =VLOOKUP(A8,ffbbudgettwofive,7,FALSE) -> 60.4 | AA8: =VLOOKUP(A8,ffbbudgettwofive,8,FALSE) -> 48.32 | AB8: =VLOOKUP(A8,ffbbudgettwofive,9,FALSE) -> 84.56 | AC8: =VLOOKUP(A8,ffbbudgettwofive,10,FALSE) -> 84.56 | AD8: =VLOOKUP(A8,ffbbudgettwofive,11,FALSE) -> 84.56 | AE8: =VLOOKUP(A8,ffbbudgettwofive,12,FALSE) -> 84.56 | AF8: =VLOOKUP(A8,ffbbudgettwofive,13,FALSE) -> 97 | AG8: =VLOOKUP(A8,ffbbudgettwofive,14,FALSE) -> 121 | AH8: =VLOOKUP(A8,ffbbudgettwofive,15,FALSE) -> 121 | AI8: =VLOOKUP(A8,ffbbudgettwofive,16,FALSE) -> 169 | AJ8: =VLOOKUP(A8,ffbbudgettwofive,17,FALSE) -> 133 | AK8: =VLOOKUP(A8,ffbbudgettwofive,18,FALSE) -> 121
A9: 3 | B9: =VLOOKUP(A9,coupe,3,FALSE) -> 2010 | C9: =VLOOKUP(A9,YUVENTUS,2,FALSE) -> 69.04 | D9: =VLOOKUP(A9,budget2026,19,FALSE) -> 1312 | E9: =VLOOKUP(A9,year2022to23,374,FALSE) -> 86.26 | F9: =VLOOKUP(A9,coupe,4,FALSE) -> 1384 | G9: =VLOOKUP(A9,year2022to23,313,FALSE) -> 1085.75 | H9: =G9-E9 -> 999.49 | I9: =E9/C9 -> 1.2494206 | J9: =G9/C9 -> 15.72639 | Z9: =VLOOKUP(A9,ffbbudgettwofive,7,FALSE) -> 69.2 | AA9: =VLOOKUP(A9,ffbbudgettwofive,8,FALSE) -> 55.36 | AB9: =VLOOKUP(A9,ffbbudgettwofive,9,FALSE) -> 96.88 | AC9: =VLOOKUP(A9,ffbbudgettwofive,10,FALSE) -> 96.88 | AD9: =VLOOKUP(A9,ffbbudgettwofive,11,FALSE) -> 96.88 | AE9: =VLOOKUP(A9,ffbbudgettwofive,12,FALSE) -> 96.88 | AF9: =VLOOKUP(A9,ffbbudgettwofive,13,FALSE) -> 111 | AG9: =VLOOKUP(A9,ffbbudgettwofive,14,FALSE) -> 138 | AH9: =VLOOKUP(A9,ffbbudgettwofive,15,FALSE) -> 138 | AI9: =VLOOKUP(A9,ffbbudgettwofive,16,FALSE) -> 194 | AJ9: =VLOOKUP(A9,ffbbudgettwofive,17,FALSE) -> 152 | AK9: =VLOOKUP(A9,ffbbudgettwofive,18,FALSE) -> 138
A10: 4 | B10: =VLOOKUP(A10,coupe,3,FALSE) -> 2010 | C10: =VLOOKUP(A10,SERAN,2,FALSE) -> 70.51 | D10: =VLOOKUP(A10,budget2026,19,FALSE) -> 1341 | E10: =VLOOKUP(A10,year2022to23,374,FALSE) -> 70.91 | F10: =VLOOKUP(A10,coupe,4,FALSE) -> 1412 | G10: =VLOOKUP(A10,year2022to23,313,FALSE) -> 1063.57 | H10: =G10-E10 -> 992.66 | I10: =E10/C10 -> 1.005673 | J10: =G10/C10 -> 15.08396 | Z10: =VLOOKUP(A10,ffbbudgettwofive,7,FALSE) -> 70.6 | AA10: =VLOOKUP(A10,ffbbudgettwofive,8,FALSE) -> 56.48 | AB10: =VLOOKUP(A10,ffbbudgettwofive,9,FALSE) -> 98.84 | AC10: =VLOOKUP(A10,ffbbudgettwofive,10,FALSE) -> 98.84 | AD10: =VLOOKUP(A10,ffbbudgettwofive,11,FALSE) -> 98.84 | AE10: =VLOOKUP(A10,ffbbudgettwofive,12,FALSE) -> 98.84 | AF10: =VLOOKUP(A10,ffbbudgettwofive,13,FALSE) -> 113 | AG10: =VLOOKUP(A10,ffbbudgettwofive,14,FALSE) -> 141 | AH10: =VLOOKUP(A10,ffbbudgettwofive,15,FALSE) -> 141 | AI10: =VLOOKUP(A10,ffbbudgettwofive,16,FALSE) -> 198 | AJ10: =VLOOKUP(A10,ffbbudgettwofive,17,FALSE) -> 155 | AK10: =VLOOKUP(A10,ffbbudgettwofive,18,FALSE) -> 141
A11: 5 | B11: =VLOOKUP(A11,coupe,3,FALSE) -> 2010 | C11: =VLOOKUP(A11,SERAN,2,FALSE) -> 50.4 | D11: =VLOOKUP(A11,budget2026,19,FALSE) -> 958 | E11: =VLOOKUP(A11,year2022to23,374,FALSE) -> 38.89 | F11: =VLOOKUP(A11,coupe,4,FALSE) -> 1008 | G11: =VLOOKUP(A11,year2022to23,313,FALSE) -> 835.29 | H11: =G11-E11 -> 796.4 | I11: =E11/C11 -> 0.77162698 | J11: =G11/C11 -> 16.573214 | Z11: =VLOOKUP(A11,ffbbudgettwofive,7,FALSE) -> 50.4 | AA11: =VLOOKUP(A11,ffbbudgettwofive,8,FALSE) -> 40.32 | AB11: =VLOOKUP(A11,ffbbudgettwofive,9,FALSE) -> 70.56 | AC11: =VLOOKUP(A11,ffbbudgettwofive,10,FALSE) -> 70.56 | AD11: =VLOOKUP(A11,ffbbudgettwofive,11,FALSE) -> 70.56 | AE11: =VLOOKUP(A11,ffbbudgettwofive,12,FALSE) -> 70.56 | AF11: =VLOOKUP(A11,ffbbudgettwofive,13,FALSE) -> 81 | AG11: =VLOOKUP(A11,ffbbudgettwofive,14,FALSE) -> 101 | AH11: =VLOOKUP(A11,ffbbudgettwofive,15,FALSE) -> 101 | AI11: =VLOOKUP(A11,ffbbudgettwofive,16,FALSE) -> 141 | AJ11: =VLOOKUP(A11,ffbbudgettwofive,17,FALSE) -> 111 | AK11: =VLOOKUP(A11,ffbbudgettwofive,18,FALSE) -> 101
A12: 6 | B12: =VLOOKUP(A12,coupe,3,FALSE) -> 2010 | C12: =VLOOKUP(A12,SERAN,2,FALSE) -> 58.6 | D12: =VLOOKUP(A12,budget2026,19,FALSE) -> 1114 | E12: =VLOOKUP(A12,year2022to23,374,FALSE) -> 56.29 | F12: =VLOOKUP(A12,coupe,4,FALSE) -> 1172 | G12: =VLOOKUP(A12,year2022to23,313,FALSE) -> 961.24 | H12: =G12-E12 -> 904.95 | I12: =E12/C12 -> 0.9605802 | J12: =G12/C12 -> 16.403413 | Z12: =VLOOKUP(A12,ffbbudgettwofive,7,FALSE) -> 58.6 | AA12: =VLOOKUP(A12,ffbbudgettwofive,8,FALSE) -> 46.88 | AB12: =VLOOKUP(A12,ffbbudgettwofive,9,FALSE) -> 82.04 | AC12: =VLOOKUP(A12,ffbbudgettwofive,10,FALSE) -> 82.04 | AD12: =VLOOKUP(A12,ffbbudgettwofive,11,FALSE) -> 82.04 | AE12: =VLOOKUP(A12,ffbbudgettwofive,12,FALSE) -> 82.04 | AF12: =VLOOKUP(A12,ffbbudgettwofive,13,FALSE) -> 94 | AG12: =VLOOKUP(A12,ffbbudgettwofive,14,FALSE) -> 117 | AH12: =VLOOKUP(A12,ffbbudgettwofive,15,FALSE) -> 117 | AI12: =VLOOKUP(A12,ffbbudgettwofive,16,FALSE) -> 164 | AJ12: =VLOOKUP(A12,ffbbudgettwofive,17,FALSE) -> 129 | AK12: =VLOOKUP(A12,ffbbudgettwofive,18,FALSE) -> 117
A13: 7 | B13: =VLOOKUP(A13,coupe,3,FALSE) -> 2010 | C13: =VLOOKUP(A13,SERAN,2,FALSE) -> 23.6 | D13: =VLOOKUP(A13,budget2026,19,FALSE) -> 381 | E13: =VLOOKUP(A13,year2022to23,374,FALSE) -> 24.72 | F13: =VLOOKUP(A13,coupe,4,FALSE) -> 401 | G13: =VLOOKUP(A13,year2022to23,313,FALSE) -> 334.61 | H13: =G13-E13 -> 309.89 | I13: =E13/C13 -> 1.0474576 | J13: =G13/C13 -> 14.17839 | Z13: =VLOOKUP(A13,ffbbudgettwofive,7,FALSE) -> 20.05 | AA13: =VLOOKUP(A13,ffbbudgettwofive,8,FALSE) -> 16.04 | AB13: =VLOOKUP(A13,ffbbudgettwofive,9,FALSE) -> 28.07 | AC13: =VLOOKUP(A13,ffbbudgettwofive,10,FALSE) -> 28.07 | AD13: =VLOOKUP(A13,ffbbudgettwofive,11,FALSE) -> 28.07 | AE13: =VLOOKUP(A13,ffbbudgettwofive,12,FALSE) -> 28.07 | AF13: =VLOOKUP(A13,ffbbudgettwofive,13,FALSE) -> 32 | AG13: =VLOOKUP(A13,ffbbudgettwofive,14,FALSE) -> 40 | AH13: =VLOOKUP(A13,ffbbudgettwofive,15,FALSE) -> 40 | AI13: =VLOOKUP(A13,ffbbudgettwofive,16,FALSE) -> 56 | AJ13: =VLOOKUP(A13,ffbbudgettwofive,17,FALSE) -> 44 | AK13: =VLOOKUP(A13,ffbbudgettwofive,18,FALSE) -> 40
A14: 8 | B14: =VLOOKUP(A14,coupe,3,FALSE) -> 2010 | C14: =VLOOKUP(A14,NURAZANI,2,FALSE) -> 61.6 | D14: =VLOOKUP(A14,budget2026,19,FALSE) -> 1155 | E14: =VLOOKUP(A14,year2022to23,374,FALSE) -> 89.5 | F14: =VLOOKUP(A14,coupe,4,FALSE) -> 1232 | G14: =VLOOKUP(A14,year2022to23,313,FALSE) -> 906.12 | H14: =G14-E14 -> 816.62 | I14: =E14/C14 -> 1.4529221 | J14: =G14/C14 -> 14.70974 | Z14: =VLOOKUP(A14,ffbbudgettwofive,7,FALSE) -> 61.6 | AA14: =VLOOKUP(A14,ffbbudgettwofive,8,FALSE) -> 49.28 | AB14: =VLOOKUP(A14,ffbbudgettwofive,9,FALSE) -> 86.24 | AC14: =VLOOKUP(A14,ffbbudgettwofive,10,FALSE) -> 86.24 | AD14: =VLOOKUP(A14,ffbbudgettwofive,11,FALSE) -> 86.24 | AE14: =VLOOKUP(A14,ffbbudgettwofive,12,FALSE) -> 86.24 | AF14: =VLOOKUP(A14,ffbbudgettwofive,13,FALSE) -> 99 | AG14: =VLOOKUP(A14,ffbbudgettwofive,14,FALSE) -> 123 | AH14: =VLOOKUP(A14,ffbbudgettwofive,15,FALSE) -> 123 | AI14: =VLOOKUP(A14,ffbbudgettwofive,16,FALSE) -> 172 | AJ14: =VLOOKUP(A14,ffbbudgettwofive,17,FALSE) -> 136 | AK14: =VLOOKUP(A14,ffbbudgettwofive,18,FALSE) -> 123
A15: 9 | B15: =VLOOKUP(A15,coupe,3,FALSE) -> 2010 | C15: =VLOOKUP(A15,NURAZANI,2,FALSE) -> 38.3 | D15: =VLOOKUP(A15,budget2026,19,FALSE) -> 658 | E15: =VLOOKUP(A15,year2022to23,374,FALSE) -> 45.99 | F15: =VLOOKUP(A15,coupe,4,FALSE) -> 689 | G15: =VLOOKUP(A15,year2022to23,313,FALSE) -> 486.12 | H15: =G15-E15 -> 440.13 | I15: =E15/C15 -> 1.2007833 | J15: =G15/C15 -> 12.692428 | Z15: =VLOOKUP(A15,ffbbudgettwofive,7,FALSE) -> 34.45 | AA15: =VLOOKUP(A15,ffbbudgettwofive,8,FALSE) -> 27.56 | AB15: =VLOOKUP(A15,ffbbudgettwofive,9,FALSE) -> 48.23 | AC15: =VLOOKUP(A15,ffbbudgettwofive,10,FALSE) -> 48.23 | AD15: =VLOOKUP(A15,ffbbudgettwofive,11,FALSE) -> 48.23 | AE15: =VLOOKUP(A15,ffbbudgettwofive,12,FALSE) -> 48.23 | AF15: =VLOOKUP(A15,ffbbudgettwofive,13,FALSE) -> 55 | AG15: =VLOOKUP(A15,ffbbudgettwofive,14,FALSE) -> 69 | AH15: =VLOOKUP(A15,ffbbudgettwofive,15,FALSE) -> 69 | AI15: =VLOOKUP(A15,ffbbudgettwofive,16,FALSE) -> 97 | AJ15: =VLOOKUP(A15,ffbbudgettwofive,17,FALSE) -> 76 | AK15: =VLOOKUP(A15,ffbbudgettwofive,18,FALSE) -> 69
A16: 11 | B16: =VLOOKUP(A16,coupe,3,FALSE) -> 2010 | C16: =VLOOKUP(A16,ERDI,2,FALSE) -> 44.5 | D16: =VLOOKUP(A16,budget2026,19,FALSE) -> 804 | E16: =VLOOKUP(A16,year2022to23,374,FALSE) -> 50.57 | F16: =VLOOKUP(A16,coupe,4,FALSE) -> 846 | G16: =VLOOKUP(A16,year2022to23,313,FALSE) -> 529.89 | H16: =G16-E16 -> 479.32 | I16: =E16/C16 -> 1.1364045 | J16: =G16/C16 -> 11.90764 | Z16: =VLOOKUP(A16,ffbbudgettwofive,7,FALSE) -> 42.3 | AA16: =VLOOKUP(A16,ffbbudgettwofive,8,FALSE) -> 33.84 | AB16: =VLOOKUP(A16,ffbbudgettwofive,9,FALSE) -> 59.22 | AC16: =VLOOKUP(A16,ffbbudgettwofive,10,FALSE) -> 59.22 | AD16: =VLOOKUP(A16,ffbbudgettwofive,11,FALSE) -> 59.22 | AE16: =VLOOKUP(A16,ffbbudgettwofive,12,FALSE) -> 59.22 | AF16: =VLOOKUP(A16,ffbbudgettwofive,13,FALSE) -> 68 | AG16: =VLOOKUP(A16,ffbbudgettwofive,14,FALSE) -> 85 | AH16: =VLOOKUP(A16,ffbbudgettwofive,15,FALSE) -> 85 | AI16: =VLOOKUP(A16,ffbbudgettwofive,16,FALSE) -> 118 | AJ16: =VLOOKUP(A16,ffbbudgettwofive,17,FALSE) -> 93 | AK16: =VLOOKUP(A16,ffbbudgettwofive,18,FALSE) -> 85
A17: 12 | B17: =VLOOKUP(A17,coupe,3,FALSE) -> 2010 | C17: =VLOOKUP(A17,NURAZANI,2,FALSE) -> 71 | D17: =VLOOKUP(A17,budget2026,19,FALSE) -> 1348 | E17: =VLOOKUP(A17,year2022to23,374,FALSE) -> 84.58 | F17: =VLOOKUP(A17,coupe,4,FALSE) -> 1420 | G17: =VLOOKUP(A17,year2022to23,313,FALSE) -> 1000.74 | H17: =G17-E17 -> 916.16 | I17: =E17/C17 -> 1.1912676 | J17: =G17/C17 -> 14.09493 | Z17: =VLOOKUP(A17,ffbbudgettwofive,7,FALSE) -> 71 | AA17: =VLOOKUP(A17,ffbbudgettwofive,8,FALSE) -> 56.8 | AB17: =VLOOKUP(A17,ffbbudgettwofive,9,FALSE) -> 99.4 | AC17: =VLOOKUP(A17,ffbbudgettwofive,10,FALSE) -> 99.4 | AD17: =VLOOKUP(A17,ffbbudgettwofive,11,FALSE) -> 99.4 | AE17: =VLOOKUP(A17,ffbbudgettwofive,12,FALSE) -> 99.4 | AF17: =VLOOKUP(A17,ffbbudgettwofive,13,FALSE) -> 114 | AG17: =VLOOKUP(A17,ffbbudgettwofive,14,FALSE) -> 142 | AH17: =VLOOKUP(A17,ffbbudgettwofive,15,FALSE) -> 142 | AI17: =VLOOKUP(A17,ffbbudgettwofive,16,FALSE) -> 199 | AJ17: =VLOOKUP(A17,ffbbudgettwofive,17,FALSE) -> 156 | AK17: =VLOOKUP(A17,ffbbudgettwofive,18,FALSE) -> 142
A18: 23 | B18: =VLOOKUP(A18,coupe,3,FALSE) -> 2010 | C18: =VLOOKUP(A18,SERAN,2,FALSE) -> 14.6 | D18: =VLOOKUP(A18,budget2026,19,FALSE) -> 289 | E18: =VLOOKUP(A18,year2022to23,374,FALSE) -> 21.16 | F18: =VLOOKUP(A18,coupe,4,FALSE) -> 307 | G18: =VLOOKUP(A18,year2022to23,313,FALSE) -> 291.61 | H18: =G18-E18 -> 270.45 | I18: =E18/C18 -> 1.4493151 | J18: =G18/C18 -> 19.973288 | Z18: =VLOOKUP(A18,ffbbudgettwofive,7,FALSE) -> 15.35 | AA18: =VLOOKUP(A18,ffbbudgettwofive,8,FALSE) -> 12.28 | AB18: =VLOOKUP(A18,ffbbudgettwofive,9,FALSE) -> 21.49 | AC18: =VLOOKUP(A18,ffbbudgettwofive,10,FALSE) -> 21.49 | AD18: =VLOOKUP(A18,ffbbudgettwofive,11,FALSE) -> 21.49 | AE18: =VLOOKUP(A18,ffbbudgettwofive,12,FALSE) -> 21.49 | AF18: =VLOOKUP(A18,ffbbudgettwofive,13,FALSE) -> 25 | AG18: =VLOOKUP(A18,ffbbudgettwofive,14,FALSE) -> 31 | AH18: =VLOOKUP(A18,ffbbudgettwofive,15,FALSE) -> 31 | AI18: =VLOOKUP(A18,ffbbudgettwofive,16,FALSE) -> 43 | AJ18: =VLOOKUP(A18,ffbbudgettwofive,17,FALSE) -> 34 | AK18: =VLOOKUP(A18,ffbbudgettwofive,18,FALSE) -> 31
B20: =B21 -> 2011 | C20: =SUM(C21:C27) -> 309.66 | D20: =SUM(D21:D27) -> 6205 | E20: =SUM(E21:E27) -> 442.61 | F20: =SUM(F21:F27) -> 6528 | G20: =SUM(G21:G27) -> 5287.5 | H20: =G20-E20 -> 4844.89 | I20: =E20/C20 -> 1.4293419 | J20: =G20/C20 -> 17.075179 | Z20: Jan | AA20: Feb | AB20: Mar | AC20: Apr | AD20: May | AE20: Jun | AF20: Jul | AG20: Aug | AH20: Sep | AI20: Oct | AJ20: Nov | AK20: Dec
A21: 10 | B21: =VLOOKUP(A21,coupe,3,FALSE) -> 2011 | C21: =VLOOKUP(A21,NURAZANI,2,FALSE) -> 19.1 | D21: =VLOOKUP(A21,budget2026,19,FALSE) -> 343 | E21: =VLOOKUP(A21,year2022to23,374,FALSE) -> 28.48 | F21: =VLOOKUP(A21,coupe,4,FALSE) -> 363 | G21: =VLOOKUP(A21,year2022to23,313,FALSE) -> 259.04 | H21: =G21-E21 -> 230.56 | I21: =E21/C21 -> 1.4910995 | J21: =G21/C21 -> 13.562304 | Z21: =VLOOKUP(A21,ffbbudgettwofive,7,FALSE) -> 18.15 | AA21: =VLOOKUP(A21,ffbbudgettwofive,8,FALSE) -> 14.52 | AB21: =VLOOKUP(A21,ffbbudgettwofive,9,FALSE) -> 25.41 | AC21: =VLOOKUP(A21,ffbbudgettwofive,10,FALSE) -> 25.41 | AD21: =VLOOKUP(A21,ffbbudgettwofive,11,FALSE) -> 25.41 | AE21: =VLOOKUP(A21,ffbbudgettwofive,12,FALSE) -> 25.41 | AF21: =VLOOKUP(A21,ffbbudgettwofive,13,FALSE) -> 29 | AG21: =VLOOKUP(A21,ffbbudgettwofive,14,FALSE) -> 36 | AH21: =VLOOKUP(A21,ffbbudgettwofive,15,FALSE) -> 36 | AI21: =VLOOKUP(A21,ffbbudgettwofive,16,FALSE) -> 51 | AJ21: =VLOOKUP(A21,ffbbudgettwofive,17,FALSE) -> 40 | AK21: =VLOOKUP(A21,ffbbudgettwofive,18,FALSE) -> 36
A22: 13 | B22: =VLOOKUP(A22,coupe,3,FALSE) -> 2011 | C22: =VLOOKUP(A22,NURAZANI,2,FALSE) -> 60.8 | D22: =VLOOKUP(A22,budget2026,19,FALSE) -> 1272 | E22: =VLOOKUP(A22,year2022to23,374,FALSE) -> 89.17 | F22: =VLOOKUP(A22,coupe,4,FALSE) -> 1338 | G22: =VLOOKUP(A22,year2022to23,313,FALSE) -> 1038.9 | H22: =G22-E22 -> 949.73 | I22: =E22/C22 -> 1.4666118 | J22: =G22/C22 -> 17.087171 | Z22: =VLOOKUP(A22,ffbbudgettwofive,7,FALSE) -> 66.9 | AA22: =VLOOKUP(A22,ffbbudgettwofive,8,FALSE) -> 53.52 | AB22: =VLOOKUP(A22,ffbbudgettwofive,9,FALSE) -> 93.66 | AC22: =VLOOKUP(A22,ffbbudgettwofive,10,FALSE) -> 93.66 | AD22: =VLOOKUP(A22,ffbbudgettwofive,11,FALSE) -> 93.66 | AE22: =VLOOKUP(A22,ffbbudgettwofive,12,FALSE) -> 93.66 | AF22: =VLOOKUP(A22,ffbbudgettwofive,13,FALSE) -> 107 | AG22: =VLOOKUP(A22,ffbbudgettwofive,14,FALSE) -> 134 | AH22: =VLOOKUP(A22,ffbbudgettwofive,15,FALSE) -> 134 | AI22: =VLOOKUP(A22,ffbbudgettwofive,16,FALSE) -> 187 | AJ22: =VLOOKUP(A22,ffbbudgettwofive,17,FALSE) -> 147 | AK22: =VLOOKUP(A22,ffbbudgettwofive,18,FALSE) -> 134
A23: 14 | B23: =VLOOKUP(A23,coupe,3,FALSE) -> 2011 | C23: =VLOOKUP(A23,YUVENTUS,2,FALSE) -> 41.6 | D23: =VLOOKUP(A23,budget2026,19,FALSE) -> 830 | E23: =VLOOKUP(A23,year2022to23,374,FALSE) -> 62.28 | F23: =VLOOKUP(A23,coupe,4,FALSE) -> 874 | G23: =VLOOKUP(A23,year2022to23,313,FALSE) -> 714.03 | H23: =G23-E23 -> 651.75 | I23: =E23/C23 -> 1.4971154 | J23: =G23/C23 -> 17.164183 | Z23: =VLOOKUP(A23,ffbbudgettwofive,7,FALSE) -> 43.7 | AA23: =VLOOKUP(A23,ffbbudgettwofive,8,FALSE) -> 34.96 | AB23: =VLOOKUP(A23,ffbbudgettwofive,9,FALSE) -> 61.18 | AC23: =VLOOKUP(A23,ffbbudgettwofive,10,FALSE) -> 61.18 | AD23: =VLOOKUP(A23,ffbbudgettwofive,11,FALSE) -> 61.18 | AE23: =VLOOKUP(A23,ffbbudgettwofive,12,FALSE) -> 61.18 | AF23: =VLOOKUP(A23,ffbbudgettwofive,13,FALSE) -> 70 | AG23: =VLOOKUP(A23,ffbbudgettwofive,14,FALSE) -> 87 | AH23: =VLOOKUP(A23,ffbbudgettwofive,15,FALSE) -> 87 | AI23: =VLOOKUP(A23,ffbbudgettwofive,16,FALSE) -> 122 | AJ23: =VLOOKUP(A23,ffbbudgettwofive,17,FALSE) -> 96 | AK23: =VLOOKUP(A23,ffbbudgettwofive,18,FALSE) -> 87
A24: 15 | B24: =VLOOKUP(A24,coupe,3,FALSE) -> 2011 | C24: =VLOOKUP(A24,DARSO,2,FALSE) -> 49.17 | D24: =VLOOKUP(A24,budget2026,19,FALSE) -> 939 | E24: =VLOOKUP(A24,year2022to23,374,FALSE) -> 63.96 | F24: =VLOOKUP(A24,coupe,4,FALSE) -> 986 | G24: =VLOOKUP(A24,year2022to23,313,FALSE) -> 776.89 | H24: =G24-E24 -> 712.93 | I24: =E24/C24 -> 1.3007932 | J24: =G24/C24 -> 15.800081 | Z24: =VLOOKUP(A24,ffbbudgettwofive,7,FALSE) -> 49.3 | AA24: =VLOOKUP(A24,ffbbudgettwofive,8,FALSE) -> 39.44 | AB24: =VLOOKUP(A24,ffbbudgettwofive,9,FALSE) -> 69.02 | AC24: =VLOOKUP(A24,ffbbudgettwofive,10,FALSE) -> 69.02 | AD24: =VLOOKUP(A24,ffbbudgettwofive,11,FALSE) -> 69.02 | AE24: =VLOOKUP(A24,ffbbudgettwofive,12,FALSE) -> 69.02 | AF24: =VLOOKUP(A24,ffbbudgettwofive,13,FALSE) -> 79 | AG24: =VLOOKUP(A24,ffbbudgettwofive,14,FALSE) -> 99 | AH24: =VLOOKUP(A24,ffbbudgettwofive,15,FALSE) -> 99 | AI24: =VLOOKUP(A24,ffbbudgettwofive,16,FALSE) -> 138 | AJ24: =VLOOKUP(A24,ffbbudgettwofive,17,FALSE) -> 108 | AK24: =VLOOKUP(A24,ffbbudgettwofive,18,FALSE) -> 99
A25: 16 | B25: =VLOOKUP(A25,coupe,3,FALSE) -> 2011 | C25: =VLOOKUP(A25,DARSO,2,FALSE) -> 52.61 | D25: =VLOOKUP(A25,budget2026,19,FALSE) -> 1008 | E25: =VLOOKUP(A25,year2022to23,374,FALSE) -> 80.23 | F25: =VLOOKUP(A25,coupe,4,FALSE) -> 1064 | G25: =VLOOKUP(A25,year2022to23,313,FALSE) -> 900.68 | H25: =G25-E25 -> 820.45 | I25: =E25/C25 -> 1.5249952 | J25: =G25/C25 -> 17.119939 | Z25: =VLOOKUP(A25,ffbbudgettwofive,7,FALSE) -> 53.2 | AA25: =VLOOKUP(A25,ffbbudgettwofive,8,FALSE) -> 42.56 | AB25: =VLOOKUP(A25,ffbbudgettwofive,9,FALSE) -> 74.48 | AC25: =VLOOKUP(A25,ffbbudgettwofive,10,FALSE) -> 74.48 | AD25: =VLOOKUP(A25,ffbbudgettwofive,11,FALSE) -> 74.48 | AE25: =VLOOKUP(A25,ffbbudgettwofive,12,FALSE) -> 74.48 | AF25: =VLOOKUP(A25,ffbbudgettwofive,13,FALSE) -> 85 | AG25: =VLOOKUP(A25,ffbbudgettwofive,14,FALSE) -> 106 | AH25: =VLOOKUP(A25,ffbbudgettwofive,15,FALSE) -> 106 | AI25: =VLOOKUP(A25,ffbbudgettwofive,16,FALSE) -> 149 | AJ25: =VLOOKUP(A25,ffbbudgettwofive,17,FALSE) -> 117 | AK25: =VLOOKUP(A25,ffbbudgettwofive,18,FALSE) -> 106
A26: 17 | B26: =VLOOKUP(A26,coupe,3,FALSE) -> 2011 | C26: =VLOOKUP(A26,DARSO,2,FALSE) -> 45.58 | D26: =VLOOKUP(A26,budget2026,19,FALSE) -> 957 | E26: =VLOOKUP(A26,year2022to23,374,FALSE) -> 58.15 | F26: =VLOOKUP(A26,coupe,4,FALSE) -> 1005 | G26: =VLOOKUP(A26,year2022to23,313,FALSE) -> 797.25 | H26: =G26-E26 -> 739.1 | I26: =E26/C26 -> 1.2757789 | J26: =G26/C26 -> 17.491224 | Z26: =VLOOKUP(A26,ffbbudgettwofive,7,FALSE) -> 50.25 | AA26: =VLOOKUP(A26,ffbbudgettwofive,8,FALSE) -> 40.2 | AB26: =VLOOKUP(A26,ffbbudgettwofive,9,FALSE) -> 70.35 | AC26: =VLOOKUP(A26,ffbbudgettwofive,10,FALSE) -> 70.35 | AD26: =VLOOKUP(A26,ffbbudgettwofive,11,FALSE) -> 70.35 | AE26: =VLOOKUP(A26,ffbbudgettwofive,12,FALSE) -> 70.35 | AF26: =VLOOKUP(A26,ffbbudgettwofive,13,FALSE) -> 80 | AG26: =VLOOKUP(A26,ffbbudgettwofive,14,FALSE) -> 101 | AH26: =VLOOKUP(A26,ffbbudgettwofive,15,FALSE) -> 101 | AI26: =VLOOKUP(A26,ffbbudgettwofive,16,FALSE) -> 141 | AJ26: =VLOOKUP(A26,ffbbudgettwofive,17,FALSE) -> 111 | AK26: =VLOOKUP(A26,ffbbudgettwofive,18,FALSE) -> 101
A27: 18 | B27: =VLOOKUP(A27,coupe,3,FALSE) -> 2011 | C27: =VLOOKUP(A27,NURAZANI,2,FALSE) -> 40.8 | D27: =VLOOKUP(A27,budget2026,19,FALSE) -> 856 | E27: =VLOOKUP(A27,year2022to23,374,FALSE) -> 60.34 | F27: =VLOOKUP(A27,coupe,4,FALSE) -> 898 | G27: =VLOOKUP(A27,year2022to23,313,FALSE) -> 800.71 | H27: =G27-E27 -> 740.37 | I27: =E27/C27 -> 1.4789216 | J27: =G27/C27 -> 19.625245 | Z27: =VLOOKUP(A27,ffbbudgettwofive,7,FALSE) -> 44.9 | AA27: =VLOOKUP(A27,ffbbudgettwofive,8,FALSE) -> 35.92 | AB27: =VLOOKUP(A27,ffbbudgettwofive,9,FALSE) -> 62.86 | AC27: =VLOOKUP(A27,ffbbudgettwofive,10,FALSE) -> 62.86 | AD27: =VLOOKUP(A27,ffbbudgettwofive,11,FALSE) -> 62.86 | AE27: =VLOOKUP(A27,ffbbudgettwofive,12,FALSE) -> 62.86 | AF27: =VLOOKUP(A27,ffbbudgettwofive,13,FALSE) -> 72 | AG27: =VLOOKUP(A27,ffbbudgettwofive,14,FALSE) -> 90 | AH27: =VLOOKUP(A27,ffbbudgettwofive,15,FALSE) -> 90 | AI27: =VLOOKUP(A27,ffbbudgettwofive,16,FALSE) -> 126 | AJ27: =VLOOKUP(A27,ffbbudgettwofive,17,FALSE) -> 99 | AK27: =VLOOKUP(A27,ffbbudgettwofive,18,FALSE) -> 90
B29: =B30 -> 2012 | C29: =SUM(C30:C34) -> 280.92 | D29: =SUM(D30:D34) -> 5627 | E29: =SUM(E30:E34) -> 328.35 | F29: =SUM(F30:F34) -> 5931 | G29: =SUM(G30:G34) -> 4872.33 | H29: =G29-E29 -> 4543.98 | I29: =E29/C29 -> 1.1688381 | J29: =G29/C29 -> 17.344191 | Z29: Jan | AA29: Feb | AB29: Mar | AC29: Apr | AD29: May | AE29: Jun | AF29: Jul | AG29: Aug | AH29: Sep | AI29: Oct | AJ29: Nov | AK29: Dec
A30: 19 | B30: =VLOOKUP(A30,coupe,3,FALSE) -> 2012 | C30: =VLOOKUP(A30,DARSO,2,FALSE) -> 50.6 | D30: =VLOOKUP(A30,budget2026,19,FALSE) -> 1008 | E30: =VLOOKUP(A30,year2022to23,374,FALSE) -> 44.28 | F30: =VLOOKUP(A30,coupe,4,FALSE) -> 1063 | G30: =VLOOKUP(A30,year2022to23,313,FALSE) -> 866 | H30: =G30-E30 -> 821.72 | I30: =E30/C30 -> 0.87509881 | J30: =G30/C30 -> 17.114625 | Z30: =VLOOKUP(A30,ffbbudgettwofive,7,FALSE) -> 53.15 | AA30: =VLOOKUP(A30,ffbbudgettwofive,8,FALSE) -> 42.52 | AB30: =VLOOKUP(A30,ffbbudgettwofive,9,FALSE) -> 74.41 | AC30: =VLOOKUP(A30,ffbbudgettwofive,10,FALSE) -> 74.41 | AD30: =VLOOKUP(A30,ffbbudgettwofive,11,FALSE) -> 74.41 | AE30: =VLOOKUP(A30,ffbbudgettwofive,12,FALSE) -> 74.41 | AF30: =VLOOKUP(A30,ffbbudgettwofive,13,FALSE) -> 85 | AG30: =VLOOKUP(A30,ffbbudgettwofive,14,FALSE) -> 106 | AH30: =VLOOKUP(A30,ffbbudgettwofive,15,FALSE) -> 106 | AI30: =VLOOKUP(A30,ffbbudgettwofive,16,FALSE) -> 149 | AJ30: =VLOOKUP(A30,ffbbudgettwofive,17,FALSE) -> 117 | AK30: =VLOOKUP(A30,ffbbudgettwofive,18,FALSE) -> 106
A31: 20 | B31: =VLOOKUP(A31,coupe,3,FALSE) -> 2012 | C31: =VLOOKUP(A31,DARSO,2,FALSE) -> 61.98 | D31: =VLOOKUP(A31,budget2026,19,FALSE) -> 1236 | E31: =VLOOKUP(A31,year2022to23,374,FALSE) -> 49.23 | F31: =VLOOKUP(A31,coupe,4,FALSE) -> 1304 | G31: =VLOOKUP(A31,year2022to23,313,FALSE) -> 1028.6 | H31: =G31-E31 -> 979.37 | I31: =E31/C31 -> 0.79428848 | J31: =G31/C31 -> 16.595676 | Z31: =VLOOKUP(A31,ffbbudgettwofive,7,FALSE) -> 65.2 | AA31: =VLOOKUP(A31,ffbbudgettwofive,8,FALSE) -> 52.16 | AB31: =VLOOKUP(A31,ffbbudgettwofive,9,FALSE) -> 91.28 | AC31: =VLOOKUP(A31,ffbbudgettwofive,10,FALSE) -> 91.28 | AD31: =VLOOKUP(A31,ffbbudgettwofive,11,FALSE) -> 91.28 | AE31: =VLOOKUP(A31,ffbbudgettwofive,12,FALSE) -> 91.28 | AF31: =VLOOKUP(A31,ffbbudgettwofive,13,FALSE) -> 104 | AG31: =VLOOKUP(A31,ffbbudgettwofive,14,FALSE) -> 130 | AH31: =VLOOKUP(A31,ffbbudgettwofive,15,FALSE) -> 130 | AI31: =VLOOKUP(A31,ffbbudgettwofive,16,FALSE) -> 183 | AJ31: =VLOOKUP(A31,ffbbudgettwofive,17,FALSE) -> 143 | AK31: =VLOOKUP(A31,ffbbudgettwofive,18,FALSE) -> 130
A32: 21 | B32: =VLOOKUP(A32,coupe,3,FALSE) -> 2012 | C32: =VLOOKUP(A32,DARSO,2,FALSE) -> 71.59 | D32: =VLOOKUP(A32,budget2026,19,FALSE) -> 1576 | E32: =VLOOKUP(A32,year2022to23,374,FALSE) -> 93.8 | F32: =VLOOKUP(A32,coupe,4,FALSE) -> 1661 | G32: =VLOOKUP(A32,year2022to23,313,FALSE) -> 1324.41 | H32: =G32-E32 -> 1230.61 | I32: =E32/C32 -> 1.3102389 | J32: =G32/C32 -> 18.49993 | Z32: =VLOOKUP(A32,ffbbudgettwofive,7,FALSE) -> 83.05 | AA32: =VLOOKUP(A32,ffbbudgettwofive,8,FALSE) -> 66.44 | AB32: =VLOOKUP(A32,ffbbudgettwofive,9,FALSE) -> 116.27 | AC32: =VLOOKUP(A32,ffbbudgettwofive,10,FALSE) -> 116.27 | AD32: =VLOOKUP(A32,ffbbudgettwofive,11,FALSE) -> 116.27 | AE32: =VLOOKUP(A32,ffbbudgettwofive,12,FALSE) -> 116.27 | AF32: =VLOOKUP(A32,ffbbudgettwofive,13,FALSE) -> 133 | AG32: =VLOOKUP(A32,ffbbudgettwofive,14,FALSE) -> 166 | AH32: =VLOOKUP(A32,ffbbudgettwofive,15,FALSE) -> 166 | AI32: =VLOOKUP(A32,ffbbudgettwofive,16,FALSE) -> 232 | AJ32: =VLOOKUP(A32,ffbbudgettwofive,17,FALSE) -> 183 | AK32: =VLOOKUP(A32,ffbbudgettwofive,18,FALSE) -> 166
A33: 22 | B33: =VLOOKUP(A33,coupe,3,FALSE) -> 2012 | C33: =VLOOKUP(A33,DARSO,2,FALSE) -> 52.08 | D33: =VLOOKUP(A33,budget2026,19,FALSE) -> 1046 | E33: =VLOOKUP(A33,year2022to23,374,FALSE) -> 84.74 | F33: =VLOOKUP(A33,coupe,4,FALSE) -> 1098 | G33: =VLOOKUP(A33,year2022to23,313,FALSE) -> 845.84 | H33: =G33-E33 -> 761.1 | I33: =E33/C33 -> 1.6271121 | J33: =G33/C33 -> 16.241167 | Z33: =VLOOKUP(A33,ffbbudgettwofive,7,FALSE) -> 54.9 | AA33: =VLOOKUP(A33,ffbbudgettwofive,8,FALSE) -> 43.92 | AB33: =VLOOKUP(A33,ffbbudgettwofive,9,FALSE) -> 76.86 | AC33: =VLOOKUP(A33,ffbbudgettwofive,10,FALSE) -> 76.86 | AD33: =VLOOKUP(A33,ffbbudgettwofive,11,FALSE) -> 76.86 | AE33: =VLOOKUP(A33,ffbbudgettwofive,12,FALSE) -> 76.86 | AF33: =VLOOKUP(A33,ffbbudgettwofive,13,FALSE) -> 88 | AG33: =VLOOKUP(A33,ffbbudgettwofive,14,FALSE) -> 110 | AH33: =VLOOKUP(A33,ffbbudgettwofive,15,FALSE) -> 110 | AI33: =VLOOKUP(A33,ffbbudgettwofive,16,FALSE) -> 154 | AJ33: =VLOOKUP(A33,ffbbudgettwofive,17,FALSE) -> 121 | AK33: =VLOOKUP(A33,ffbbudgettwofive,18,FALSE) -> 110
A34: 24 | B34: =VLOOKUP(A34,coupe,3,FALSE) -> 2012 | C34: =VLOOKUP(A34,SERAN,2,FALSE) -> 44.67 | D34: =VLOOKUP(A34,budget2026,19,FALSE) -> 761 | E34: =VLOOKUP(A34,year2022to23,374,FALSE) -> 56.3 | F34: =VLOOKUP(A34,coupe,4,FALSE) -> 805 | G34: =VLOOKUP(A34,year2022to23,313,FALSE) -> 807.48 | H34: =G34-E34 -> 751.18 | I34: =E34/C34 -> 1.2603537 | J34: =G34/C34 -> 18.076561 | Z34: =VLOOKUP(A34,ffbbudgettwofive,7,FALSE) -> 40.25 | AA34: =VLOOKUP(A34,ffbbudgettwofive,8,FALSE) -> 32.2 | AB34: =VLOOKUP(A34,ffbbudgettwofive,9,FALSE) -> 56.35 | AC34: =VLOOKUP(A34,ffbbudgettwofive,10,FALSE) -> 56.35 | AD34: =VLOOKUP(A34,ffbbudgettwofive,11,FALSE) -> 56.35 | AE34: =VLOOKUP(A34,ffbbudgettwofive,12,FALSE) -> 56.35 | AF34: =VLOOKUP(A34,ffbbudgettwofive,13,FALSE) -> 64 | AG34: =VLOOKUP(A34,ffbbudgettwofive,14,FALSE) -> 81 | AH34: =VLOOKUP(A34,ffbbudgettwofive,15,FALSE) -> 81 | AI34: =VLOOKUP(A34,ffbbudgettwofive,16,FALSE) -> 113 | AJ34: =VLOOKUP(A34,ffbbudgettwofive,17,FALSE) -> 89 | AK34: =VLOOKUP(A34,ffbbudgettwofive,18,FALSE) -> 81
B36: =B37 -> 2015 | C36: =SUM(C37:C43) -> 174.6 | D36: =SUM(D37:D43) -> 937 | E36: =SUM(E37:E43) -> 145.78 | F36: =SUM(F37:F43) -> 843 | G36: =SUM(G37:G43) -> 1688.28 | H36: =G36-E36 -> 1542.5 | I36: =E36/C36 -> 0.834937 | J36: =G36/C36 -> 9.6694158 | Z36: Jan | AA36: Feb | AB36: Mar | AC36: Apr | AD36: May | AE36: Jun | AF36: Jul | AG36: Aug | AH36: Sep | AI36: Oct | AJ36: Nov | AK36: Dec
A37: 25 | B37: =VLOOKUP(A37,coupe,3,FALSE) -> 2015 | C37: =VLOOKUP(A37,WENDERLINUS,2,FALSE) -> 38.2 | D37: =VLOOKUP(A37,budget2026,19,FALSE) -> 151 | E37: =VLOOKUP(A37,year2022to23,374,FALSE) -> 22.67 | F37: =VLOOKUP(A37,coupe,4,FALSE) -> 134 | G37: =VLOOKUP(A37,year2022to23,313,FALSE) -> 330.31 | H37: =G37-E37 -> 307.64 | I37: =E37/C37 -> 0.5934555 | J37: =G37/C37 -> 8.6468586 | Z37: =VLOOKUP(A37,ffbbudgettwofive,7,FALSE) -> 6.7 | AA37: =VLOOKUP(A37,ffbbudgettwofive,8,FALSE) -> 5.36 | AB37: =VLOOKUP(A37,ffbbudgettwofive,9,FALSE) -> 9.38 | AC37: =VLOOKUP(A37,ffbbudgettwofive,10,FALSE) -> 9.38 | AD37: =VLOOKUP(A37,ffbbudgettwofive,11,FALSE) -> 9.38 | AE37: =VLOOKUP(A37,ffbbudgettwofive,12,FALSE) -> 9.38 | AF37: =VLOOKUP(A37,ffbbudgettwofive,13,FALSE) -> 11 | AG37: =VLOOKUP(A37,ffbbudgettwofive,14,FALSE) -> 13 | AH37: =VLOOKUP(A37,ffbbudgettwofive,15,FALSE) -> 13 | AI37: =VLOOKUP(A37,ffbbudgettwofive,16,FALSE) -> 19 | AJ37: =VLOOKUP(A37,ffbbudgettwofive,17,FALSE) -> 15 | AK37: =VLOOKUP(A37,ffbbudgettwofive,18,FALSE) -> 13
A38: 26A | B38: =VLOOKUP(A38,coupe,3,FALSE) -> 2015 | C38: =VLOOKUP(A38,WENDERLINUS,2,FALSE) -> 22.7 | D38: =VLOOKUP(A38,budget2026,19,FALSE) -> 133 | E38: =VLOOKUP(A38,year2022to23,374,FALSE) -> 25.08 | F38: =VLOOKUP(A38,coupe,4,FALSE) -> 108 | G38: =VLOOKUP(A38,year2022to23,313,FALSE) -> 281.24 | H38: =G38-E38 -> 256.16 | I38: =E38/C38 -> 1.1048458 | J38: =G38/C38 -> 12.389427 | Z38: =VLOOKUP(A38,ffbbudgettwofive,7,FALSE) -> 5.4 | AA38: =VLOOKUP(A38,ffbbudgettwofive,8,FALSE) -> 4.32 | AB38: =VLOOKUP(A38,ffbbudgettwofive,9,FALSE) -> 7.56 | AC38: =VLOOKUP(A38,ffbbudgettwofive,10,FALSE) -> 7.56 | AD38: =VLOOKUP(A38,ffbbudgettwofive,11,FALSE) -> 7.56 | AE38: =VLOOKUP(A38,ffbbudgettwofive,12,FALSE) -> 7.56 | AF38: =VLOOKUP(A38,ffbbudgettwofive,13,FALSE) -> 9 | AG38: =VLOOKUP(A38,ffbbudgettwofive,14,FALSE) -> 11 | AH38: =VLOOKUP(A38,ffbbudgettwofive,15,FALSE) -> 11 | AI38: =VLOOKUP(A38,ffbbudgettwofive,16,FALSE) -> 15 | AJ38: =VLOOKUP(A38,ffbbudgettwofive,17,FALSE) -> 12 | AK38: =VLOOKUP(A38,ffbbudgettwofive,18,FALSE) -> 11
A39: 27 | B39: =VLOOKUP(A39,coupe,3,FALSE) -> 2015 | C39: =VLOOKUP(A39,WENDERLINUS,2,FALSE) -> 14.3 | D39: =VLOOKUP(A39,budget2026,19,FALSE) -> 85 | E39: =VLOOKUP(A39,year2022to23,374,FALSE) -> 17.05 | F39: =VLOOKUP(A39,coupe,4,FALSE) -> 86 | G39: =VLOOKUP(A39,year2022to23,313,FALSE) -> 191.64 | H39: =G39-E39 -> 174.59 | I39: =E39/C39 -> 1.1923077 | J39: =G39/C39 -> 13.401399 | Z39: =VLOOKUP(A39,ffbbudgettwofive,7,FALSE) -> 4.3 | AA39: =VLOOKUP(A39,ffbbudgettwofive,8,FALSE) -> 3.44 | AB39: =VLOOKUP(A39,ffbbudgettwofive,9,FALSE) -> 6.02 | AC39: =VLOOKUP(A39,ffbbudgettwofive,10,FALSE) -> 6.02 | AD39: =VLOOKUP(A39,ffbbudgettwofive,11,FALSE) -> 6.02 | AE39: =VLOOKUP(A39,ffbbudgettwofive,12,FALSE) -> 6.02 | AF39: =VLOOKUP(A39,ffbbudgettwofive,13,FALSE) -> 7 | AG39: =VLOOKUP(A39,ffbbudgettwofive,14,FALSE) -> 9 | AH39: =VLOOKUP(A39,ffbbudgettwofive,15,FALSE) -> 9 | AI39: =VLOOKUP(A39,ffbbudgettwofive,16,FALSE) -> 12 | AJ39: =VLOOKUP(A39,ffbbudgettwofive,17,FALSE) -> 9 | AK39: =VLOOKUP(A39,ffbbudgettwofive,18,FALSE) -> 9
A40: 28 | B40: =VLOOKUP(A40,coupe,3,FALSE) -> 2015 | C40: =VLOOKUP(A40,WENDERLINUS,2,FALSE) -> 21.9 | D40: =VLOOKUP(A40,budget2026,19,FALSE) -> 262 | E40: =VLOOKUP(A40,year2022to23,374,FALSE) -> 29.27 | F40: =VLOOKUP(A40,coupe,4,FALSE) -> 256 | G40: =VLOOKUP(A40,year2022to23,313,FALSE) -> 331.57 | H40: =G40-E40 -> 302.3 | I40: =E40/C40 -> 1.3365297 | J40: =G40/C40 -> 15.140183 | Z40: =VLOOKUP(A40,ffbbudgettwofive,7,FALSE) -> 12.8 | AA40: =VLOOKUP(A40,ffbbudgettwofive,8,FALSE) -> 10.24 | AB40: =VLOOKUP(A40,ffbbudgettwofive,9,FALSE) -> 17.92 | AC40: =VLOOKUP(A40,ffbbudgettwofive,10,FALSE) -> 17.92 | AD40: =VLOOKUP(A40,ffbbudgettwofive,11,FALSE) -> 17.92 | AE40: =VLOOKUP(A40,ffbbudgettwofive,12,FALSE) -> 17.92 | AF40: =VLOOKUP(A40,ffbbudgettwofive,13,FALSE) -> 21 | AG40: =VLOOKUP(A40,ffbbudgettwofive,14,FALSE) -> 26 | AH40: =VLOOKUP(A40,ffbbudgettwofive,15,FALSE) -> 26 | AI40: =VLOOKUP(A40,ffbbudgettwofive,16,FALSE) -> 36 | AJ40: =VLOOKUP(A40,ffbbudgettwofive,17,FALSE) -> 28 | AK40: =VLOOKUP(A40,ffbbudgettwofive,18,FALSE) -> 26
A41: 29 | B41: =VLOOKUP(A41,coupe,3,FALSE) -> 2015 | C41: =VLOOKUP(A41,ERDI,2,FALSE) -> 19.2 | D41: =VLOOKUP(A41,budget2026,19,FALSE) -> 76 | E41: =VLOOKUP(A41,year2022to23,374,FALSE) -> 9.75 | F41: =VLOOKUP(A41,coupe,4,FALSE) -> 69 | G41: =VLOOKUP(A41,year2022to23,313,FALSE) -> 97.54 | H41: =G41-E41 -> 87.79 | I41: =E41/C41 -> 0.5078125 | J41: =G41/C41 -> 5.0802083 | Z41: =VLOOKUP(A41,ffbbudgettwofive,7,FALSE) -> 3.45 | AA41: =VLOOKUP(A41,ffbbudgettwofive,8,FALSE) -> 2.76 | AB41: =VLOOKUP(A41,ffbbudgettwofive,9,FALSE) -> 4.83 | AC41: =VLOOKUP(A41,ffbbudgettwofive,10,FALSE) -> 4.83 | AD41: =VLOOKUP(A41,ffbbudgettwofive,11,FALSE) -> 4.83 | AE41: =VLOOKUP(A41,ffbbudgettwofive,12,FALSE) -> 4.83 | AF41: =VLOOKUP(A41,ffbbudgettwofive,13,FALSE) -> 6 | AG41: =VLOOKUP(A41,ffbbudgettwofive,14,FALSE) -> 7 | AH41: =VLOOKUP(A41,ffbbudgettwofive,15,FALSE) -> 7 | AI41: =VLOOKUP(A41,ffbbudgettwofive,16,FALSE) -> 10 | AJ41: =VLOOKUP(A41,ffbbudgettwofive,17,FALSE) -> 8 | AK41: =VLOOKUP(A41,ffbbudgettwofive,18,FALSE) -> 7
A42: 30 | B42: =VLOOKUP(A42,coupe,3,FALSE) -> 2015 | C42: =VLOOKUP(A42,WENDERLINUS,2,FALSE) -> 24.3 | D42: =VLOOKUP(A42,budget2026,19,FALSE) -> 95 | E42: =VLOOKUP(A42,year2022to23,374,FALSE) -> 20.95 | F42: =VLOOKUP(A42,coupe,4,FALSE) -> 74 | G42: =VLOOKUP(A42,year2022to23,313,FALSE) -> 222.79 | H42: =G42-E42 -> 201.84 | I42: =E42/C42 -> 0.86213992 | J42: =G42/C42 -> 9.1683128 | Z42: =VLOOKUP(A42,ffbbudgettwofive,7,FALSE) -> 3.7 | AA42: =VLOOKUP(A42,ffbbudgettwofive,8,FALSE) -> 2.96 | AB42: =VLOOKUP(A42,ffbbudgettwofive,9,FALSE) -> 5.18 | AC42: =VLOOKUP(A42,ffbbudgettwofive,10,FALSE) -> 5.18 | AD42: =VLOOKUP(A42,ffbbudgettwofive,11,FALSE) -> 5.18 | AE42: =VLOOKUP(A42,ffbbudgettwofive,12,FALSE) -> 5.18 | AF42: =VLOOKUP(A42,ffbbudgettwofive,13,FALSE) -> 6 | AG42: =VLOOKUP(A42,ffbbudgettwofive,14,FALSE) -> 7 | AH42: =VLOOKUP(A42,ffbbudgettwofive,15,FALSE) -> 7 | AI42: =VLOOKUP(A42,ffbbudgettwofive,16,FALSE) -> 10 | AJ42: =VLOOKUP(A42,ffbbudgettwofive,17,FALSE) -> 8 | AK42: =VLOOKUP(A42,ffbbudgettwofive,18,FALSE) -> 7
A43: 31 | B43: =VLOOKUP(A43,coupe,3,FALSE) -> 2015 | C43: =VLOOKUP(A43,WENDERLINUS,2,FALSE) -> 34 | D43: =VLOOKUP(A43,budget2026,19,FALSE) -> 135 | E43: =VLOOKUP(A43,year2022to23,374,FALSE) -> 21.01 | F43: =VLOOKUP(A43,coupe,4,FALSE) -> 116 | G43: =VLOOKUP(A43,year2022to23,313,FALSE) -> 233.19 | H43: =G43-E43 -> 212.18 | I43: =E43/C43 -> 0.61794118 | J43: =G43/C43 -> 6.8585294 | Z43: =VLOOKUP(A43,ffbbudgettwofive,7,FALSE) -> 5.8 | AA43: =VLOOKUP(A43,ffbbudgettwofive,8,FALSE) -> 4.64 | AB43: =VLOOKUP(A43,ffbbudgettwofive,9,FALSE) -> 8.12 | AC43: =VLOOKUP(A43,ffbbudgettwofive,10,FALSE) -> 8.12 | AD43: =VLOOKUP(A43,ffbbudgettwofive,11,FALSE) -> 8.12 | AE43: =VLOOKUP(A43,ffbbudgettwofive,12,FALSE) -> 8.12 | AF43: =VLOOKUP(A43,ffbbudgettwofive,13,FALSE) -> 9 | AG43: =VLOOKUP(A43,ffbbudgettwofive,14,FALSE) -> 12 | AH43: =VLOOKUP(A43,ffbbudgettwofive,15,FALSE) -> 12 | AI43: =VLOOKUP(A43,ffbbudgettwofive,16,FALSE) -> 16 | AJ43: =VLOOKUP(A43,ffbbudgettwofive,17,FALSE) -> 13 | AK43: =VLOOKUP(A43,ffbbudgettwofive,18,FALSE) -> 12
B45: =B46 -> 2016 | C45: =SUM(C46:C47) -> 32.9 | D45: =SUM(D46:D47) -> 454 | E45: =SUM(E46:E47) -> 28.5 | F45: =SUM(F46:F47) -> 458 | G45: =SUM(G46:G47) -> 517.73 | H45: =G45-E45 -> 489.23 | I45: =E45/C45 -> 0.8662614 | J45: =G45/C45 -> 15.736474 | Z45: Jan | AA45: Feb | AB45: Mar | AC45: Apr | AD45: May | AE45: Jun | AF45: Jul | AG45: Aug | AH45: Sep | AI45: Oct | AJ45: Nov | AK45: Dec
A46: 33 | B46: =VLOOKUP(A46,coupe,3,FALSE) -> 2016 | C46: =VLOOKUP(A46,WENDERLINUS,2,FALSE) -> 28.4 | D46: =VLOOKUP(A46,budget2026,19,FALSE) -> 427 | E46: =VLOOKUP(A46,year2022to23,374,FALSE) -> 25.57 | F46: =VLOOKUP(A46,coupe,4,FALSE) -> 431 | G46: =VLOOKUP(A46,year2022to23,313,FALSE) -> 478.1 | H46: =G46-E46 -> 452.53 | I46: =E46/C46 -> 0.90035211 | J46: =G46/C46 -> 16.834507 | Z46: =VLOOKUP(A46,ffbbudgettwofive,7,FALSE) -> 21.55 | AA46: =VLOOKUP(A46,ffbbudgettwofive,8,FALSE) -> 17.24 | AB46: =VLOOKUP(A46,ffbbudgettwofive,9,FALSE) -> 30.17 | AC46: =VLOOKUP(A46,ffbbudgettwofive,10,FALSE) -> 30.17 | AD46: =VLOOKUP(A46,ffbbudgettwofive,11,FALSE) -> 30.17 | AE46: =VLOOKUP(A46,ffbbudgettwofive,12,FALSE) -> 30.17 | AF46: =VLOOKUP(A46,ffbbudgettwofive,13,FALSE) -> 34 | AG46: =VLOOKUP(A46,ffbbudgettwofive,14,FALSE) -> 43 | AH46: =VLOOKUP(A46,ffbbudgettwofive,15,FALSE) -> 43 | AI46: =VLOOKUP(A46,ffbbudgettwofive,16,FALSE) -> 60 | AJ46: =VLOOKUP(A46,ffbbudgettwofive,17,FALSE) -> 47 | AK46: =VLOOKUP(A46,ffbbudgettwofive,18,FALSE) -> 43
A47: 39 | B47: =VLOOKUP(A47,coupe,3,FALSE) -> 2016 | C47: =VLOOKUP(A47,WENDERLINUS,2,FALSE) -> 4.5 | D47: =VLOOKUP(A47,budget2026,19,FALSE) -> 27 | E47: =VLOOKUP(A47,year2022to23,374,FALSE) -> 2.93 | F47: =VLOOKUP(A47,coupe,4,FALSE) -> 27 | G47: =VLOOKUP(A47,year2022to23,313,FALSE) -> 39.63 | H47: =G47-E47 -> 36.7 | I47: =E47/C47 -> 0.65111111 | J47: =G47/C47 -> 8.8066667 | Z47: =VLOOKUP(A47,ffbbudgettwofive,7,FALSE) -> 0.35 | AA47: =VLOOKUP(A47,ffbbudgettwofive,8,FALSE) -> 0.08 | AB47: =VLOOKUP(A47,ffbbudgettwofive,9,FALSE) -> 1.89 | AC47: =VLOOKUP(A47,ffbbudgettwofive,10,FALSE) -> 1.89 | AD47: =VLOOKUP(A47,ffbbudgettwofive,11,FALSE) -> 1.89 | AE47: =VLOOKUP(A47,ffbbudgettwofive,12,FALSE) -> 1.89 | AF47: =VLOOKUP(A47,ffbbudgettwofive,13,FALSE) -> 2 | AG47: =VLOOKUP(A47,ffbbudgettwofive,14,FALSE) -> 3 | AH47: =VLOOKUP(A47,ffbbudgettwofive,15,FALSE) -> 3 | AI47: =VLOOKUP(A47,ffbbudgettwofive,16,FALSE) -> 4 | AJ47: =VLOOKUP(A47,ffbbudgettwofive,17,FALSE) -> 3 | AK47: =VLOOKUP(A47,ffbbudgettwofive,18,FALSE) -> 3
B49: All Blocks | C49: =C6+C20+C29+C36+C45 -> 1413.59 | D49: =D6+D20+D29+D36+D45 -> 24743 | E49: =E6+E20+E29+E36+E45 -> 1668.36 | F49: =F6+F20+F29+F36+F45 -> 25903 | G49: =G6+G20+G29+G36+G45 -> 21660.14 | H49: =H6+H20+H29+H36+H45 -> 19991.78 | I49: =E49/C49 -> 1.1802291 | J49: =G49/C49 -> 15.322788
A52: year 2024
A53: *block 105, 0.15ton not included in YTD
A54: *block 114, 0.15ton not included in YTD

Sheet OVERALL BY GANG COMPARISON V3
A1: HARVESTER PERFORMANCE COMPARISON FOR CURRENT MONTH VS. PREVIOUS MONTH & VS PAST YEAR'S MONTH
A2: 46023
D3: 2026
D4: FFB PRODUCTION OF THE MONTH | H4: Budget 2026 (MT) | I4: MT / HA OF THE MONTH | K4: YTD | M4: YTD MT / HA
A5: Gang | C5: Total HA | D5: 1st Round (MT) | E5: 2nd Round (MT) | F5: 3rd Round (MT) | G5: Actual Total (MT) | I5: Actual | J5: Budget 2026 | K5: Actual | L5: Budget 2026 | M5: Actual | N5: Budget 2026
A6: YUVENTUS UN GANG | C6: ='YUVENTUS UN GANG'!B10 -> 163.73 | D6: ='YUVENTUS UN GANG'!D10 -> 146.76 | E6: ='YUVENTUS UN GANG'!E10 -> 63.45 | F6: ='YUVENTUS UN GANG'!F10 -> 2.61 | G6: =SUM(D6:F6) -> 212.82 | H6: ='YUVENTUS UN GANG'!C10 -> 190.06 | I6: =G6/C6 -> 1.2998229 | J6: =H6/C6 -> 1.1608135 | K6: =SUM(K7:K9) -> 212.82 | L6: =SUM(L7:L9) -> 190.06 | M6: =K6/C6 -> 1.2998229 | N6: =SUM(N7:N9)/C6 -> 1.1608135
B7: 1 | C7: =VLOOKUP(B7,YUVENTUS,2,FALSE) -> 53.09 | D7: =VLOOKUP(B7,YUVENTUS,4,FALSE) -> 44.13 | E7: =VLOOKUP(B7,YUVENTUS,5,FALSE) -> 20.15 | F7: =VLOOKUP(B7,YUVENTUS,6,FALSE) -> 0 | G7: =SUM(D7:F7) -> 64.28 | H7: =VLOOKUP(B7,YUVENTUS,3,FALSE) -> 61.54 | I7: =G7/C7 -> 1.2107742 | J7: =H7/C7 -> 1.1591637 | K7: =VLOOKUP(B7,year2022to23,374,FALSE) -> 64.28 | L7: =VLOOKUP(B7,YUVENTUS,3,FALSE) -> 61.54 | M7: =K7/C7 -> 1.2107742 | N7: =VLOOKUP(B7,budget2026,7,FALSE) -> 61.54
B8: 3 | C8: =VLOOKUP(B8,YUVENTUS,2,FALSE) -> 69.04 | D8: =VLOOKUP(B8,YUVENTUS,4,FALSE) -> 60.98 | E8: =VLOOKUP(B8,YUVENTUS,5,FALSE) -> 25.28 | F8: =VLOOKUP(B8,YUVENTUS,6,FALSE) -> 0 | G8: =SUM(D8:F8) -> 86.26 | H8: =VLOOKUP(B8,YUVENTUS,3,FALSE) -> 78.72 | I8: =G8/C8 -> 1.2494206 | J8: =H8/C8 -> 1.1402086 | K8: =VLOOKUP(B8,year2022to23,374,FALSE) -> 86.26 | L8: =VLOOKUP(B8,YUVENTUS,3,FALSE) -> 78.72 | M8: =K8/C8 -> 1.2494206 | N8: =VLOOKUP(B8,budget2026,7,FALSE) -> 78.72
B9: 14 | C9: =VLOOKUP(B9,YUVENTUS,2,FALSE) -> 41.6 | D9: =VLOOKUP(B9,YUVENTUS,4,FALSE) -> 41.65 | E9: =VLOOKUP(B9,YUVENTUS,5,FALSE) -> 18.02 | F9: =VLOOKUP(B9,YUVENTUS,6,FALSE) -> 2.61 | G9: =SUM(D9:F9) -> 62.28 | H9: =VLOOKUP(B9,YUVENTUS,3,FALSE) -> 49.8 | I9: =G9/C9 -> 1.4971154 | J9: =H9/C9 -> 1.1971154 | K9: =VLOOKUP(B9,year2022to23,374,FALSE) -> 62.28 | L9: =VLOOKUP(B9,YUVENTUS,3,FALSE) -> 49.8 | M9: =K9/C9 -> 1.4971154 | N9: =VLOOKUP(B9,budget2026,7,FALSE) -> 49.8
A11: DARSO GANG | C11: ='DARSO GANG'!B14 -> 383.61 | D11: ='DARSO GANG'!D14 -> 219.51 | E11: ='DARSO GANG'!E14 -> 135.8 | F11: ='DARSO GANG'!F14 -> 119.08 | G11: =SUM(D11:F11) -> 474.39 | H11: ='DARSO GANG'!C14 -> 466.2 | I11: =G11/C11 -> 1.2366466 | J11: =H11/C11 -> 1.2152968 | K11: =SUM(K12:K18) -> 474.39 | L11: =SUM(L12:L18) -> 466.2 | M11: =K11/C11 -> 1.2366466 | N11: =SUM(N12:N18)/C11 -> 1.2152968
B12: 15 | C12: =VLOOKUP(B12,DARSO,2,FALSE) -> 49.17 | D12: =VLOOKUP(B12,DARSO,4,FALSE) -> 33.38 | E12: =VLOOKUP(B12,DARSO,5,FALSE) -> 10.51 | F12: =VLOOKUP(B12,DARSO,6,FALSE) -> 20.07 | G12: =SUM(D12:F12) -> 63.96 | H12: =VLOOKUP(B12,DARSO,3,FALSE) -> 56.34 | I12: =G12/C12 -> 1.3007932 | J12: =H12/C12 -> 1.1458206 | K12: =VLOOKUP(B12,year2022to23,374,FALSE) -> 63.96 | L12: =VLOOKUP(B12,DARSO,3,FALSE) -> 56.34 | M12: =K12/C12 -> 1.3007932 | N12: =VLOOKUP(B12,budget2026,7,FALSE) -> 56.34
B13: 16 | C13: =VLOOKUP(B13,DARSO,2,FALSE) -> 52.61 | D13: =VLOOKUP(B13,DARSO,4,FALSE) -> 36.95 | E13: =VLOOKUP(B13,DARSO,5,FALSE) -> 21.07 | F13: =VLOOKUP(B13,DARSO,6,FALSE) -> 22.21 | G13: =SUM(D13:F13) -> 80.23 | H13: =VLOOKUP(B13,DARSO,3,FALSE) -> 60.48 | I13: =G13/C13 -> 1.5249952 | J13: =H13/C13 -> 1.1495913 | K13: =VLOOKUP(B13,year2022to23,374,FALSE) -> 80.23 | L13: =VLOOKUP(B13,DARSO,3,FALSE) -> 60.48 | M13: =K13/C13 -> 1.5249952 | N13: =VLOOKUP(B13,budget2026,7,FALSE) -> 60.48
B14: 17 | C14: =VLOOKUP(B14,DARSO,2,FALSE) -> 45.58 | D14: =VLOOKUP(B14,DARSO,4,FALSE) -> 25.86 | E14: =VLOOKUP(B14,DARSO,5,FALSE) -> 13.43 | F14: =VLOOKUP(B14,DARSO,6,FALSE) -> 18.86 | G14: =SUM(D14:F14) -> 58.15 | H14: =VLOOKUP(B14,DARSO,3,FALSE) -> 57.42 | I14: =G14/C14 -> 1.2757789 | J14: =H14/C14 -> 1.2597631 | K14: =VLOOKUP(B14,year2022to23,374,FALSE) -> 58.15 | L14: =VLOOKUP(B14,DARSO,3,FALSE) -> 57.42 | M14: =K14/C14 -> 1.2757789 | N14: =VLOOKUP(B14,budget2026,7,FALSE) -> 57.42
B15: 19 | C15: =VLOOKUP(B15,DARSO,2,FALSE) -> 50.6 | D15: =VLOOKUP(B15,DARSO,4,FALSE) -> 19.59 | E15: =VLOOKUP(B15,DARSO,5,FALSE) -> 14.64 | F15: =VLOOKUP(B15,DARSO,6,FALSE) -> 10.05 | G15: =SUM(D15:F15) -> 44.28 | H15: =VLOOKUP(B15,DARSO,3,FALSE) -> 60.48 | I15: =G15/C15 -> 0.87509881 | J15: =H15/C15 -> 1.1952569 | K15: =VLOOKUP(B15,year2022to23,374,FALSE) -> 44.28 | L15: =VLOOKUP(B15,DARSO,3,FALSE) -> 60.48 | M15: =K15/C15 -> 0.87509881 | N15: =VLOOKUP(B15,budget2026,7,FALSE) -> 60.48
B16: 20 | C16: =VLOOKUP(B16,DARSO,2,FALSE) -> 61.98 | D16: =VLOOKUP(B16,DARSO,4,FALSE) -> 29.87 | E16: =VLOOKUP(B16,DARSO,5,FALSE) -> 19.36 | F16: =VLOOKUP(B16,DARSO,6,FALSE) -> 0 | G16: =SUM(D16:F16) -> 49.23 | H16: =VLOOKUP(B16,DARSO,3,FALSE) -> 74.16 | I16: =G16/C16 -> 0.79428848 | J16: =H16/C16 -> 1.196515 | K16: =VLOOKUP(B16,year2022to23,374,FALSE) -> 49.23 | L16: =VLOOKUP(B16,DARSO,3,FALSE) -> 74.16 | M16: =K16/C16 -> 0.79428848 | N16: =VLOOKUP(B16,budget2026,7,FALSE) -> 74.16
B17: 21 | C17: =VLOOKUP(B17,DARSO,2,FALSE) -> 71.59 | D17: =VLOOKUP(B17,DARSO,4,FALSE) -> 32.61 | E17: =VLOOKUP(B17,DARSO,5,FALSE) -> 37.53 | F17: =VLOOKUP(B17,DARSO,6,FALSE) -> 23.66 | G17: =SUM(D17:F17) -> 93.8 | H17: =VLOOKUP(B17,DARSO,3,FALSE) -> 94.56 | I17: =G17/C17 -> 1.3102389 | J17: =H17/C17 -> 1.3208549 | K17: =VLOOKUP(B17,year2022to23,374,FALSE) -> 93.8 | L17: =VLOOKUP(B17,DARSO,3,FALSE) -> 94.56 | M17: =K17/C17 -> 1.3102389 | N17: =VLOOKUP(B17,budget2026,7,FALSE) -> 94.56
B18: 22 | C18: =VLOOKUP(B18,DARSO,2,FALSE) -> 52.08 | D18: =VLOOKUP(B18,DARSO,4,FALSE) -> 41.25 | E18: =VLOOKUP(B18,DARSO,5,FALSE) -> 19.26 | F18: =VLOOKUP(B18,DARSO,6,FALSE) -> 24.23 | G18: =SUM(D18:F18) -> 84.74 | H18: =VLOOKUP(B18,DARSO,3,FALSE) -> 62.76 | I18: =G18/C18 -> 1.6271121 | J18: =H18/C18 -> 1.2050691 | K18: =VLOOKUP(B18,year2022to23,374,FALSE) -> 84.74 | L18: =VLOOKUP(B18,DARSO,3,FALSE) -> 62.76 | M18: =K18/C18 -> 1.6271121 | N18: =VLOOKUP(B18,budget2026,7,FALSE) -> 62.76
A20: YUDI GANG -previously ERDI GANG | C20: ='YUDI GANG'!B10 -> 123.97 | D20: ='YUDI GANG'!D10 -> 44.26 | E20: ='YUDI GANG'!E10 -> 106.03 | F20: ='YUDI GANG'!F10 -> 0 | G20: =SUM(D20:F20) -> 150.29 | H20: ='YUDI GANG'!C10 -> 119.86 | I20: =G20/C20 -> 1.2123094 | J20: =H20/C20 -> 0.96684682 | K20: =SUM(K21:K23) -> 150.29 | L20: =SUM(L21:L23) -> 119.86 | M20: =K20/C20 -> 1.2123094 | N20: =SUM(N21:N23)/C20 -> 0.96684682
B21: 2 | C21: =VLOOKUP(B21,ERDI,2,FALSE) -> 60.27 | D21: =VLOOKUP(B21,ERDI,4,FALSE) -> 3.25 | E21: =VLOOKUP(B21,ERDI,5,FALSE) -> 86.72 | F21: =VLOOKUP(B21,ERDI,6,FALSE) -> 0 | G21: =SUM(D21:F21) -> 89.97 | H21: =VLOOKUP(B21,ERDI,3,FALSE) -> 68.06 | I21: =G21/C21 -> 1.4927825 | J21: =H21/C21 -> 1.1292517 | K21: =VLOOKUP(B21,year2022to23,374,FALSE) -> 89.97 | L21: =VLOOKUP(B21,ERDI,3,FALSE) -> 68.06 | M21: =K21/C21 -> 1.4927825 | N21: =VLOOKUP(B21,budget2026,7,FALSE) -> 68.06
B22: 11 | C22: =VLOOKUP(B22,ERDI,2,FALSE) -> 44.5 | D22: =VLOOKUP(B22,ERDI,4,FALSE) -> 34.84 | E22: =VLOOKUP(B22,ERDI,5,FALSE) -> 15.73 | F22: =VLOOKUP(B22,ERDI,6,FALSE) -> 0 | G22: =SUM(D22:F22) -> 50.57 | H22: =VLOOKUP(B22,ERDI,3,FALSE) -> 48.24 | I22: =G22/C22 -> 1.1364045 | J22: =H22/C22 -> 1.0840449 | K22: =VLOOKUP(B22,year2022to23,374,FALSE) -> 50.57 | L22: =VLOOKUP(B22,ERDI,3,FALSE) -> 48.24 | M22: =K22/C22 -> 1.1364045 | N22: =VLOOKUP(B22,budget2026,7,FALSE) -> 48.24
B23: 29 | C23: =VLOOKUP(B23,ERDI,2,FALSE) -> 19.2 | D23: =VLOOKUP(B23,ERDI,4,FALSE) -> 6.17 | E23: =VLOOKUP(B23,ERDI,5,FALSE) -> 3.58 | F23: =VLOOKUP(B23,ERDI,6,FALSE) -> 0 | G23: =SUM(D23:F23) -> 9.75 | H23: =VLOOKUP(B23,ERDI,3,FALSE) -> 3.56 | I23: =G23/C23 -> 0.5078125 | J23: =H23/C23 -> 0.18541667 | K23: =VLOOKUP(B23,year2022to23,374,FALSE) -> 9.75 | L23: =VLOOKUP(B23,ERDI,3,FALSE) -> 3.56 | M23: =K23/C23 -> 0.5078125 | N23: =VLOOKUP(B23,budget2026,7,FALSE) -> 3.56
A25: SOFIO MODENTUS MISSA GANG - previously SERAN | C25: ='SOFIO GANG'!B13 -> 262.38 | D25: ='SOFIO GANG'!D13 -> 197.08 | E25: ='SOFIO GANG'!E13 -> 68.68 | F25: ='SOFIO GANG'!F13 -> 2.51 | G25: =SUM(D25:F25) -> 268.27 | H25: ='SOFIO GANG'!C13 -> 291.64 | I25: =G25/C25 -> 1.0224484 | J25: =H25/C25 -> 1.1115176 | K25: =SUM(K26:K31) -> 268.27 | L25: =SUM(L26:L31) -> 291.64 | M25: =K25/C25 -> 1.0224484 | N25: =SUM(N26:N31)/C25 -> 1.1115176
B26: 4 | C26: =VLOOKUP(B26,SERAN,2,FALSE) -> 70.51 | D26: =VLOOKUP(B26,SERAN,4,FALSE) -> 56.01 | E26: =VLOOKUP(B26,SERAN,5,FALSE) -> 14.9 | F26: =VLOOKUP(B26,SERAN,6,FALSE) -> 0 | G26: =SUM(D26:F26) -> 70.91 | H26: =VLOOKUP(B26,SERAN,3,FALSE) -> 81.46 | I26: =G26/C26 -> 1.005673 | J26: =H26/C26 -> 1.1552971 | K26: =VLOOKUP(B26,year2022to23,374,FALSE) -> 70.91 | L26: =VLOOKUP(B26,SERAN,3,FALSE) -> 81.46 | M26: =K26/C26 -> 1.005673 | N26: =VLOOKUP(B26,budget2026,7,FALSE) -> 81.46
B27: 5 | C27: =VLOOKUP(B27,SERAN,2,FALSE) -> 50.4 | D27: =VLOOKUP(B27,SERAN,4,FALSE) -> 15.7 | E27: =VLOOKUP(B27,SERAN,5,FALSE) -> 20.68 | F27: =VLOOKUP(B27,SERAN,6,FALSE) -> 2.51 | G27: =SUM(D27:F27) -> 38.89 | H27: =VLOOKUP(B27,SERAN,3,FALSE) -> 57.48 | I27: =G27/C27 -> 0.77162698 | J27: =H27/C27 -> 1.1404762 | K27: =VLOOKUP(B27,year2022to23,374,FALSE) -> 38.89 | L27: =VLOOKUP(B27,SERAN,3,FALSE) -> 57.48 | M27: =K27/C27 -> 0.77162698 | N27: =VLOOKUP(B27,budget2026,7,FALSE) -> 57.48
B28: 6 | C28: =VLOOKUP(B28,SERAN,2,FALSE) -> 58.6 | D28: =VLOOKUP(B28,SERAN,4,FALSE) -> 40.3 | E28: =VLOOKUP(B28,SERAN,5,FALSE) -> 15.99 | F28: =VLOOKUP(B28,SERAN,6,FALSE) -> 0 | G28: =SUM(D28:F28) -> 56.29 | H28: =VLOOKUP(B28,SERAN,3,FALSE) -> 66.84 | I28: =G28/C28 -> 0.9605802 | J28: =H28/C28 -> 1.1406143 | K28: =VLOOKUP(B28,year2022to23,374,FALSE) -> 56.29 | L28: =VLOOKUP(B28,SERAN,3,FALSE) -> 66.84 | M28: =K28/C28 -> 0.9605802 | N28: =VLOOKUP(B28,budget2026,7,FALSE) -> 66.84
B29: 7 | C29: =VLOOKUP(B29,SERAN,2,FALSE) -> 23.6 | D29: =VLOOKUP(B29,SERAN,4,FALSE) -> 24.72 | E29: =VLOOKUP(B29,SERAN,5,FALSE) -> 0 | F29: =VLOOKUP(B29,SERAN,6,FALSE) -> 0 | G29: =SUM(D29:F29) -> 24.72 | H29: =VLOOKUP(B29,SERAN,3,FALSE) -> 22.86 | I29: =G29/C29 -> 1.0474576 | J29: =H29/C29 -> 0.96864407 | K29: =VLOOKUP(B29,year2022to23,374,FALSE) -> 24.72 | L29: =VLOOKUP(B29,SERAN,3,FALSE) -> 22.86 | M29: =K29/C29 -> 1.0474576 | N29: =VLOOKUP(B29,budget2026,7,FALSE) -> 22.86
B30: 23 | C30: =VLOOKUP(B30,SERAN,2,FALSE) -> 14.6 | D30: =VLOOKUP(B30,SERAN,4,FALSE) -> 17.37 | E30: =VLOOKUP(B30,SERAN,5,FALSE) -> 3.79 | F30: =VLOOKUP(B30,SERAN,6,FALSE) -> 0 | G30: =SUM(D30:F30) -> 21.16 | H30: =VLOOKUP(B30,SERAN,3,FALSE) -> 17.34 | I30: =G30/C30 -> 1.4493151 | J30: =H30/C30 -> 1.1876712 | K30: =VLOOKUP(B30,year2022to23,374,FALSE) -> 21.16 | L30: =VLOOKUP(B30,SERAN,3,FALSE) -> 17.34 | M30: =K30/C30 -> 1.4493151 | N30: =VLOOKUP(B30,budget2026,7,FALSE) -> 17.34
B31: 24 | C31: =VLOOKUP(B31,SERAN,2,FALSE) -> 44.67 | D31: =VLOOKUP(B31,SERAN,4,FALSE) -> 42.98 | E31: =VLOOKUP(B31,SERAN,5,FALSE) -> 13.32 | F31: =VLOOKUP(B31,SERAN,6,FALSE) -> 0 | G31: =SUM(D31:F31) -> 56.3 | H31: =VLOOKUP(B31,SERAN,3,FALSE) -> 45.66 | I31: =G31/C31 -> 1.2603537 | J31: =H31/C31 -> 1.0221625 | K31: =VLOOKUP(B31,year2022to23,374,FALSE) -> 56.3 | L31: =VLOOKUP(B31,SERAN,3,FALSE) -> 45.66 | M31: =K31/C31 -> 1.2603537 | N31: =VLOOKUP(B31,budget2026,7,FALSE) -> 45.66
A33: NU AZANI GANG | C33: ='NU AZANI GANG'!B13 -> 291.6 | D33: ='NU AZANI GANG'!D13 -> 254.45 | E33: ='NU AZANI GANG'!E13 -> 134.25 | F33: ='NU AZANI GANG'!F13 -> 9.36 | G33: =SUM(D33:F33) -> 398.06 | H33: ='NU AZANI GANG'!C13 -> 339.92 | I33: =G33/C33 -> 1.3650892 | J33: =H33/C33 -> 1.1657064 | K33: =SUM(K34:K39) -> 398.06 | L33: =SUM(L34:L39) -> 339.92 | M33: =K33/C33 -> 1.3650892 | N33: =SUM(N34:N39)/C33 -> 1.1657064
B34: 8 | C34: =VLOOKUP(B34,NURAZANI,2,FALSE) -> 61.6 | D34: =VLOOKUP(B34,NURAZANI,4,FALSE) -> 43.65 | E34: =VLOOKUP(B34,NURAZANI,5,FALSE) -> 36.49 | F34: =VLOOKUP(B34,NURAZANI,6,FALSE) -> 9.36 | G34: =SUM(D34:F34) -> 89.5 | H34: =VLOOKUP(B34,NURAZANI,3,FALSE) -> 70.3 | I34: =G34/C34 -> 1.4529221 | J34: =H34/C34 -> 1.1412338 | K34: =VLOOKUP(B34,year2022to23,374,FALSE) -> 89.5 | L34: =VLOOKUP(B34,NURAZANI,3,FALSE) -> 70.3 | M34: =K34/C34 -> 1.4529221 | N34: =VLOOKUP(B34,budget2026,7,FALSE) -> 70.3
B35: 9 | C35: =VLOOKUP(B35,NURAZANI,2,FALSE) -> 38.3 | D35: =VLOOKUP(B35,NURAZANI,4,FALSE) -> 28.68 | E35: =VLOOKUP(B35,NURAZANI,5,FALSE) -> 17.31 | F35: =VLOOKUP(B35,NURAZANI,6,FALSE) -> 0 | G35: =SUM(D35:F35) -> 45.99 | H35: =VLOOKUP(B35,NURAZANI,3,FALSE) -> 39.48 | I35: =G35/C35 -> 1.2007833 | J35: =H35/C35 -> 1.0308094 | K35: =VLOOKUP(B35,year2022to23,374,FALSE) -> 45.99 | L35: =VLOOKUP(B35,NURAZANI,3,FALSE) -> 39.48 | M35: =K35/C35 -> 1.2007833 | N35: =VLOOKUP(B35,budget2026,7,FALSE) -> 39.48
B36: 12 | C36: =VLOOKUP(B36,NURAZANI,2,FALSE) -> 71 | D36: =VLOOKUP(B36,NURAZANI,4,FALSE) -> 62.38 | E36: =VLOOKUP(B36,NURAZANI,5,FALSE) -> 22.2 | F36: =VLOOKUP(B36,NURAZANI,6,FALSE) -> 0 | G36: =SUM(D36:F36) -> 84.58 | H36: =VLOOKUP(B36,NURAZANI,3,FALSE) -> 81.88 | I36: =G36/C36 -> 1.1912676 | J36: =H36/C36 -> 1.1532394 | K36: =VLOOKUP(B36,year2022to23,374,FALSE) -> 84.58 | L36: =VLOOKUP(B36,NURAZANI,3,FALSE) -> 81.88 | M36: =K36/C36 -> 1.1912676 | N36: =VLOOKUP(B36,budget2026,7,FALSE) -> 81.88
B37: 10 | C37: =VLOOKUP(B37,NURAZANI,2,FALSE) -> 19.1 | D37: =VLOOKUP(B37,NURAZANI,4,FALSE) -> 17.56 | E37: =VLOOKUP(B37,NURAZANI,5,FALSE) -> 10.92 | F37: =VLOOKUP(B37,NURAZANI,6,FALSE) -> 0 | G37: =SUM(D37:F37) -> 28.48 | H37: =VLOOKUP(B37,NURAZANI,3,FALSE) -> 20.58 | I37: =G37/C37 -> 1.4910995 | J37: =H37/C37 -> 1.0774869 | K37: =VLOOKUP(B37,year2022to23,374,FALSE) -> 28.48 | L37: =VLOOKUP(B37,NURAZANI,3,FALSE) -> 20.58 | M37: =K37/C37 -> 1.4910995 | N37: =VLOOKUP(B37,budget2026,7,FALSE) -> 20.58
B38: 13 | C38: =VLOOKUP(B38,NURAZANI,2,FALSE) -> 60.8 | D38: =VLOOKUP(B38,NURAZANI,4,FALSE) -> 59.52 | E38: =VLOOKUP(B38,NURAZANI,5,FALSE) -> 29.65 | F38: =VLOOKUP(B38,NURAZANI,6,FALSE) -> 0 | G38: =SUM(D38:F38) -> 89.17 | H38: =VLOOKUP(B38,NURAZANI,3,FALSE) -> 76.32 | I38: =G38/C38 -> 1.4666118 | J38: =H38/C38 -> 1.2552632 | K38: =VLOOKUP(B38,year2022to23,374,FALSE) -> 89.17 | L38: =VLOOKUP(B38,NURAZANI,3,FALSE) -> 76.32 | M38: =K38/C38 -> 1.4666118 | N38: =VLOOKUP(B38,budget2026,7,FALSE) -> 76.32
B39: 18 | C39: =VLOOKUP(B39,NURAZANI,2,FALSE) -> 40.8 | D39: =VLOOKUP(B39,NURAZANI,4,FALSE) -> 42.66 | E39: =VLOOKUP(B39,NURAZANI,5,FALSE) -> 17.68 | F39: =VLOOKUP(B39,NURAZANI,6,FALSE) -> 0 | G39: =SUM(D39:F39) -> 60.34 | H39: =VLOOKUP(B39,NURAZANI,3,FALSE) -> 51.36 | I39: =G39/C39 -> 1.4789216 | J39: =H39/C39 -> 1.2588235 | K39: =VLOOKUP(B39,year2022to23,374,FALSE) -> 60.34 | L39: =VLOOKUP(B39,NURAZANI,3,FALSE) -> 51.36 | M39: =K39/C39 -> 1.4789216 | N39: =VLOOKUP(B39,budget2026,7,FALSE) -> 51.36
A41: WENDERLINUS GANG | C41: ='WENDERLINUS GANG '!B15 -> 188.3 | D41: ='WENDERLINUS GANG '!D15 -> 100.02 | E41: ='WENDERLINUS GANG '!E15 -> 61.36 | F41: ='WENDERLINUS GANG '!F15 -> 3.15 | G41: =SUM(D41:F41) -> 164.53 | H41: ='WENDERLINUS GANG '!C15 -> 73.9 | I41: =G41/C41 -> 0.87376527 | J41: =H41/C41 -> 0.39245884 | K41: =SUM(K42:K49) -> 164.53 | L41: =SUM(L42:L49) -> 73.9 | M41: =K41/C41 -> 0.87376527 | N41: =SUM(N42:N49)/C41 -> 0.39245884
B42: 25 | C42: =VLOOKUP(B42,WENDERLINUS,2,FALSE) -> 38.2 | D42: =VLOOKUP(B42,WENDERLINUS,4,FALSE) -> 16.68 | E42: =VLOOKUP(B42,WENDERLINUS,5,FALSE) -> 5.99 | F42: =VLOOKUP(B42,WENDERLINUS,6,FALSE) -> 0 | G42: =SUM(D42:F42) -> 22.67 | H42: =VLOOKUP(B42,WENDERLINUS,3,FALSE) -> 8.06 | I42: =G42/C42 -> 0.5934555 | J42: =H42/C42 -> 0.21099476 | K42: =VLOOKUP(B42,year2022to23,374,FALSE) -> 22.67 | L42: =VLOOKUP(B42,WENDERLINUS,3,FALSE) -> 8.06 | M42: =K42/C42 -> 0.5934555 | N42: =VLOOKUP(B42,budget2026,7,FALSE) -> 8.06
B43: 26A | C43: =VLOOKUP(B43,WENDERLINUS,2,FALSE) -> 22.7 | D43: =VLOOKUP(B43,WENDERLINUS,4,FALSE) -> 14.24 | E43: =VLOOKUP(B43,WENDERLINUS,5,FALSE) -> 10.84 | F43: =VLOOKUP(B43,WENDERLINUS,6,FALSE) -> 0 | G43: =SUM(D43:F43) -> 25.08 | H43: =VLOOKUP(B43,WENDERLINUS,3,FALSE) -> 5.98 | I43: =G43/C43 -> 1.1048458 | J43: =H43/C43 -> 0.26343612 | K43: =VLOOKUP(B43,year2022to23,374,FALSE) -> 25.08 | L43: =VLOOKUP(B43,WENDERLINUS,3,FALSE) -> 5.98 | M43: =K43/C43 -> 1.1048458 | N43: =VLOOKUP(B43,budget2026,7,FALSE) -> 5.98
B44: 27 | C44: =VLOOKUP(B44,WENDERLINUS,2,FALSE) -> 14.3 | D44: =VLOOKUP(B44,WENDERLINUS,4,FALSE) -> 8.31 | E44: =VLOOKUP(B44,WENDERLINUS,5,FALSE) -> 8.74 | F44: =VLOOKUP(B44,WENDERLINUS,6,FALSE) -> 0 | G44: =SUM(D44:F44) -> 17.05 | H44: =VLOOKUP(B44,WENDERLINUS,3,FALSE) -> 5.1 | I44: =G44/C44 -> 1.1923077 | J44: =H44/C44 -> 0.35664336 | K44: =VLOOKUP(B44,year2022to23,374,FALSE) -> 17.05 | L44: =VLOOKUP(B44,WENDERLINUS,3,FALSE) -> 5.1 | M44: =K44/C44 -> 1.1923077 | N44: =VLOOKUP(B44,budget2026,7,FALSE) -> 5.1
B45: 28 | C45: =VLOOKUP(B45,WENDERLINUS,2,FALSE) -> 21.9 | D45: =VLOOKUP(B45,WENDERLINUS,4,FALSE) -> 16.89 | E45: =VLOOKUP(B45,WENDERLINUS,5,FALSE) -> 12.38 | F45: =VLOOKUP(B45,WENDERLINUS,6,FALSE) -> 0 | G45: =SUM(D45:F45) -> 29.27 | H45: =VLOOKUP(B45,WENDERLINUS,3,FALSE) -> 15.72 | I45: =G45/C45 -> 1.3365297 | J45: =H45/C45 -> 0.71780822 | K45: =VLOOKUP(B45,year2022to23,374,FALSE) -> 29.27 | L45: =VLOOKUP(B45,WENDERLINUS,3,FALSE) -> 15.72 | M45: =K45/C45 -> 1.3365297 | N45: =VLOOKUP(B45,budget2026,7,FALSE) -> 15.72
B46: 30 | C46: =VLOOKUP(B46,WENDERLINUS,2,FALSE) -> 24.3 | D46: =VLOOKUP(B46,WENDERLINUS,4,FALSE) -> 11.82 | E46: =VLOOKUP(B46,WENDERLINUS,5,FALSE) -> 9.13 | F46: =VLOOKUP(B46,WENDERLINUS,6,FALSE) -> 0 | G46: =SUM(D46:F46) -> 20.95 | H46: =VLOOKUP(B46,WENDERLINUS,3,FALSE) -> 4.7 | I46: =G46/C46 -> 0.86213992 | J46: =H46/C46 -> 0.19341564 | K46: =VLOOKUP(B46,year2022to23,374,FALSE) -> 20.95 | L46: =VLOOKUP(B46,WENDERLINUS,3,FALSE) -> 4.7 | M46: =K46/C46 -> 0.86213992 | N46: =VLOOKUP(B46,budget2026,7,FALSE) -> 4.7
B47: 31 | C47: =VLOOKUP(B47,WENDERLINUS,2,FALSE) -> 34 | D47: =VLOOKUP(B47,WENDERLINUS,4,FALSE) -> 10.94 | E47: =VLOOKUP(B47,WENDERLINUS,5,FALSE) -> 6.92 | F47: =VLOOKUP(B47,WENDERLINUS,6,FALSE) -> 3.15 | G47: =SUM(D47:F47) -> 21.01 | H47: =VLOOKUP(B47,WENDERLINUS,3,FALSE) -> 7.1 | I47: =G47/C47 -> 0.61794118 | J47: =H47/C47 -> 0.20882353 | K47: =VLOOKUP(B47,year2022to23,374,FALSE) -> 21.01 | L47: =VLOOKUP(B47,WENDERLINUS,3,FALSE) -> 7.1 | M47: =K47/C47 -> 0.61794118 | N47: =VLOOKUP(B47,budget2026,7,FALSE) -> 7.1
B48: 33 | C48: =VLOOKUP(B48,WENDERLINUS,2,FALSE) -> 28.4 | D48: =VLOOKUP(B48,WENDERLINUS,4,FALSE) -> 19.08 | E48: =VLOOKUP(B48,WENDERLINUS,5,FALSE) -> 6.49 | F48: =VLOOKUP(B48,WENDERLINUS,6,FALSE) -> 0 | G48: =SUM(D48:F48) -> 25.57 | H48: =VLOOKUP(B48,WENDERLINUS,3,FALSE) -> 26.62 | I48: =G48/C48 -> 0.90035211 | J48: =H48/C48 -> 0.93732394 | K48: =VLOOKUP(B48,year2022to23,374,FALSE) -> 25.57 | L48: =VLOOKUP(B48,WENDERLINUS,3,FALSE) -> 26.62 | M48: =K48/C48 -> 0.90035211 | N48: =VLOOKUP(B48,budget2026,7,FALSE) -> 26.62
B49: 39 | C49: =VLOOKUP(B49,WENDERLINUS,2,FALSE) -> 4.5 | D49: =VLOOKUP(B49,WENDERLINUS,4,FALSE) -> 2.06 | E49: =VLOOKUP(B49,WENDERLINUS,5,FALSE) -> 0.87 | F49: =VLOOKUP(B49,WENDERLINUS,6,FALSE) -> 0 | G49: =SUM(D49:F49) -> 2.93 | H49: =VLOOKUP(B49,WENDERLINUS,3,FALSE) -> 0.62 | I49: =G49/C49 -> 0.65111111 | J49: =H49/C49 -> 0.13777778 | K49: =VLOOKUP(B49,year2022to23,374,FALSE) -> 2.93 | L49: =VLOOKUP(B49,WENDERLINUS,3,FALSE) -> 0.62 | M49: =K49/C49 -> 0.65111111 | N49: =VLOOKUP(B49,budget2026,7,FALSE) -> 0.62
A51: All Blocks | C51: =C6+C11+C20+C25+C33+C41 -> 1413.59 | D51: =D6+D11+D20+D25+D33+D41 -> 962.08 | E51: =E6+E11+E20+E25+E33+E41 -> 569.57 | F51: =F6+F11+F20+F25+F33+F41 -> 136.71 | G51: =G6+G11+G20+G25+G33+G41 -> 1668.36 | H51: =H6+H11+H20+H25+H33+H41 -> 1481.58 | I51: =G51/C51 -> 1.1802291 | J51: =H51/C51 -> 1.0480974 | K51: =K6+K11+K20+K25+K33+K41 -> 1668.36 | L51: =(L6+L11+L20+L25+L33+L41) -> 1481.58 | M51: =K51/C51 -> 1.1802291 | N51: ='FFB Budget 2026 - 2 summary'!C55/C51 -> 1.0488048
A54: 45992
A55: Gang | C55: Total HA | D55: Actual Total (MT) | E55: Actual MT / HA OF THE MONTH | F55: Jan-26 vs Dec-25 Diff. (%) | G55: Actual YTD | H55: Actual YTD MT / HA | I55: Jan-26 vs Dec-25 Diff. (%)
A56: YUVENTUS UN GANG | C56: 164 | D56: 232.5 | E56: 1.4176829 | F56: =(I6-E56)/E56 -> -0.08313569 | G56: 2709.57 | H56: 16.521768 | I56: =(M6-H56)/H56 -> -0.92132665
B57: 1 | C57: 53.2 | D57: 106.65 | E57: 2.0046992 | F57: =(I7-E57)/E57 -> -0.39603202 | G57: 909.79 | H57: 17.101316 | I57: =(M7-H57)/H57 -> -0.92919994
B58: 3 | C58: 69.2 | D58: 80.01 | E58: 1.1562139 | F58: =(I8-E58)/E58 -> 0.080613765 | G58: 1085.75 | H58: 15.690029 | I58: =(M8-H58)/H58 -> -0.92036849
B59: 14 | C59: 41.6 | D59: 45.84 | E59: 1.1019231 | F59: =(I9-E59)/E59 -> 0.35863874 | G59: 714.03 | H59: 17.164183 | I59: =(M9-H59)/H59 -> -0.91277677
A61: DARSO GANG | C61: 385.4 | D61: 692.17 | E61: 1.7959782 | F61: =(I11-E61)/E61 -> -0.31143563 | G61: 6539.67 | H61: 16.968526 | I61: =(M11-H61)/H61 -> -0.92712115
B62: 15 | C62: 49.3 | D62: 124.06 | E62: 2.51643 | F62: =(I12-E62)/E62 -> -0.48307994 | G62: 776.89 | H62: 15.758418 | I62: =(M12-H62)/H62 -> -0.91745408
B63: 16 | C63: 53.2 | D63: 111.66 | E63: 2.0988722 | F63: =(I13-E63)/E63 -> -0.27342157 | G63: 900.68 | H63: 16.930075 | I63: =(M13-H63)/H63 -> -0.90992389
B64: 17 | C64: 45.7 | D64: 43.17 | E64: 0.94463895 | F64: =(I14-E64)/E64 -> 0.35054652 | G64: 797.25 | H64: 17.445295 | I64: =(M14-H64)/H64 -> -0.92686975
B65: 19 | C65: 50.62 | D65: 89.97 | E65: 1.7773607 | F65: =(I15-E65)/E65 -> -0.50764141 | G65: 866 | H65: 17.107863 | I65: =(M15-H65)/H65 -> -0.94884815
B66: 20 | C66: 62.08 | D66: 136.66 | E66: 2.2013531 | F66: =(I16-E66)/E66 -> -0.6391817 | G66: 1028.6 | H66: 16.568943 | I66: =(M16-H66)/H66 -> -0.95206161
B67: 21 | C67: 72.2 | D67: 122.2 | E67: 1.6925208 | F67: =(I17-E67)/E67 -> -0.22586542 | G67: 1324.41 | H67: 18.343629 | I67: =(M17-H67)/H67 -> -0.92857254
B68: 22 | C68: 52.3 | D68: 64.45 | E68: 1.2323136 | F68: =(I18-E68)/E68 -> 0.32037183 | G68: 845.84 | H68: 16.172849 | I68: =(M18-H68)/H68 -> -0.89939236
A70: YUDI GANG -previously ERDI GANG | C70: 116.28 | D70: 104.85 | E70: 0.90170279 | F70: =(I20-E70)/E70 -> 0.34446677 | G70: 1517 | H70: 13.046096 | I70: =(M20-H70)/H70 -> -0.90707492
B71: 2 | C71: 60.4 | D71: 57.31 | E71: 0.94884106 | F71: =(I21-E71)/E71 -> 0.57326927 | G71: 889.57 | H71: 14.72798 | I71: =(M21-H71)/H71 -> -0.8986431
B72: 11 | C72: 44.5 | D72: 32.42 | E72: 0.72853933 | F72: =(I22-E72)/E72 -> 0.55983961 | G72: 529.89 | H72: 11.90764 | I72: =(M22-H72)/H72 -> -0.9045651
B73: 29 | C73: 11.38 | D73: 15.12 | E73: 1.3286467 | F73: =(I23-E73)/E73 -> -0.61779721 | G73: 97.54 | H73: 8.5711775 | I73: =(M23-H73)/H73 -> -0.94075347
A75: SOFIO MODENTUS MISSA GANG - previously SERAN | C75: 262.5 | D75: 364.13 | E75: 1.3871619 | F75: =(I25-E75)/E75 -> -0.26292068 | G75: 4293.8 | H75: 16.357333 | I75: =(M25-H75)/H75 -> -0.93749297
B76: 4 | C76: 70.6 | D76: 65.04 | E76: 0.92124646 | F76: =(I26-E76)/E76 -> 0.091643766 | G76: 1063.57 | H76: 15.064731 | I76: =(M26-H76)/H76 -> -0.93324322
B77: 5 | C77: 50.4 | D77: 79.53 | E77: 1.5779762 | F77: =(I27-E77)/E77 -> -0.51100214 | G77: 835.29 | H77: 16.573214 | I77: =(M27-H77)/H77 -> -0.95344132
B78: 6 | C78: 58.6 | D78: 125.24 | E78: 2.1372014 | F78: =(I28-E78)/E78 -> -0.55054296 | G78: 961.24 | H78: 16.403413 | I78: =(M28-H78)/H78 -> -0.94144022
B79: 7 | C79: 23.6 | D79: 19.15 | E79: 0.81144068 | F79: =(I29-E79)/E79 -> 0.29086162 | G79: 334.61 | H79: 14.17839 | I79: =(M29-H79)/H79 -> -0.92612295
B80: 23 | C80: 14.6 | D80: 25.26 | E80: 1.730137 | F80: =(I30-E80)/E80 -> -0.16231196 | G80: 291.61 | H80: 19.973288 | I80: =(M30-H80)/H80 -> -0.92743733
B81: 24 | C81: 44.7 | D81: 49.91 | E81: 1.1165548 | F81: =(I31-E81)/E81 -> 0.12878803 | G81: 807.48 | H81: 18.06443 | I81: =(M31-H81)/H81 -> -0.93023009
A83: NU AZANI GANG | C83: 291.6 | D83: 405.62 | E83: 1.3910151 | F83: =(I33-E83)/E83 -> -0.018638134 | G83: 4491.63 | H83: 15.403395 | I83: =(M33-H83)/H83 -> -0.91137738
B84: 8 | C84: 61.6 | D84: 66.94 | E84: 1.0866883 | F84: =(I34-E84)/E84 -> 0.33701823 | G84: 906.12 | H84: 14.70974 | I84: =(M34-H84)/H84 -> -0.90122721
B85: 9 | C85: 38.3 | D85: 33.01 | E85: 0.8618799 | F85: =(I35-E85)/E85 -> 0.39321418 | G85: 486.12 | H85: 12.692428 | I85: =(M35-H85)/H85 -> -0.90539373
B86: 12 | C86: 71 | D86: 93.38 | E86: 1.3152113 | F86: =(I36-E86)/E86 -> -0.094238595 | G86: 1000.74 | H86: 14.09493 | I86: =(M36-H86)/H86 -> -0.91548254
B87: 10 | C87: 19.1 | D87: 13.41 | E87: 0.70209424 | F87: =(I37-E87)/E87 -> 1.1237882 | G87: 259.04 | H87: 13.562304 | I87: =(M37-H87)/H87 -> -0.89005559
B88: 13 | C88: 60.8 | D88: 112.95 | E88: 1.8577303 | F88: =(I38-E88)/E88 -> -0.21053564 | G88: 1038.9 | H88: 17.087171 | I88: =(M38-H88)/H88 -> -0.91416883
B89: 18 | C89: 40.8 | D89: 85.93 | E89: 2.1061275 | F89: =(I39-E89)/E89 -> -0.29780054 | G89: 800.71 | H89: 19.625245 | I89: =(M39-H89)/H89 -> -0.92464188
A91: WENDERLINUS GANG | C91: 196.73 | D91: 171.44 | E91: 0.87144818 | F91: =(I41-E91)/E91 -> 0.0026588965 | G91: 2108.47 | H91: 10.717582 | I91: =(M41-H91)/H91 -> -0.91847366
B92: 25 | C92: 38.22 | D92: 21.7 | E92: 0.56776557 | F92: =(I42-E92)/E92 -> 0.045247424 | G92: 330.31 | H92: 8.6423339 | I92: =(M42-H92)/H92 -> -0.93133157
B93: 26A | C93: 22.72 | D93: 28.25 | E93: 1.2433979 | F93: =(I43-E93)/E93 -> -0.1114302 | G93: 281.24 | H93: 12.378521 | I93: =(M43-H93)/H93 -> -0.91074493
B94: 27 | C94: 18.64 | D94: 19 | E94: 1.0193133 | F94: =(I44-E94)/E94 -> 0.1697166 | G94: 191.64 | H94: 10.281116 | I94: =(M44-H94)/H94 -> -0.88402935
B95: 28 | C95: 25.5 | D95: 23.75 | E95: 0.93137255 | F95: =(I45-E95)/E95 -> 0.43501081 | G95: 331.57 | H95: 13.002745 | I95: =(M45-H95)/H95 -> -0.89721173
B96: 30 | C96: 24.35 | D96: 12.31 | E96: 0.50554415 | F96: =(I46-E96)/E96 -> 0.70537019 | G96: 222.79 | H96: 9.1494867 | I96: =(M46-H96)/H96 -> -0.90577177
B97: 31 | C97: 34.08 | D97: 14.02 | E97: 0.41138498 | F97: =(I47-E97)/E97 -> 0.50209952 | G97: 233.19 | H97: 6.8424296 | I97: =(M47-H97)/H97 -> -0.9096898
B98: 33 | C98: 28.72 | D98: 50.02 | E98: 1.7416435 | F98: =(I48-E98)/E98 -> -0.48304453 | G98: 478.1 | H98: 16.646936 | I98: =(M48-H98)/H98 -> -0.94591484
B99: 39 | C99: 4.5 | D99: 2.39 | E99: 0.53111111 | F99: =(I49-E99)/E99 -> 0.22594142 | G99: 39.63 | H99: 8.8066667 | I99: =(M49-H99)/H99 -> -0.92606611
A101: All Blocks | C101: 1416.51 | D101: 1970.71 | E101: 1.3912433 | F101: =(I51-E101)/E101 -> -0.15167312 | G101: 21660.14 | H101: 15.291202 | I101: =(M51-H101)/H101 -> -0.92281646
A104: 45658
A105: Gang | C105: Total HA | D105: Actual Total (MT) | E105: Actual MT / HA OF THE MONTH | F105: Jan-26 vs Jan-25 Diff. (%) | G105: Actual YTD | H105: Actual YTD MT / HA | I105: Jan-26 vs Jan-25 Diff. (%)
A106: MIKHAEL GANG | C106: 164 | D106: =SUM(D107:D109) -> 170.01 | E106: =D106/C6 -> 1.0383558 | F106: =(I6-E106)/E106 -> 0.25180872 | G106: =SUM(G107:G109) -> 170.01 | H106: =G106/C106 -> 1.0366463 | I106: =(M6-H106)/H106 -> 0.25387302
B107: 1 | C107: 53.2 | D107: =VLOOKUP(B7,year2022to23,257,FALSE) -> 69.42 | E107: =D107/C107 -> 1.3048872 | F107: =(I7-E107)/E107 -> -0.072123521 | G107: =VLOOKUP(B7,year2022to23,257,FALSE) -> 69.42 | H107: =G107/C7 -> 1.3075909 | I107: =(M7-H107)/H107 -> -0.074042063
B108: 3 | C108: 69.2 | D108: =VLOOKUP(B8,year2022to23,257,FALSE) -> 53.85 | E108: =D108/C108 -> 0.77817919 | F108: =(I8-E108)/E108 -> 0.60556931 | G108: =VLOOKUP(B8,year2022to23,257,FALSE) -> 53.85 | H108: =G108/C8 -> 0.77998262 | I108: =(M8-H108)/H108 -> 0.60185701
B109: 14 | C109: 41.6 | D109: =VLOOKUP(B9,year2022to23,257,FALSE) -> 46.74 | E109: =D109/C109 -> 1.1235577 | F109: =(I9-E109)/E109 -> 0.33247754 | G109: =VLOOKUP(B9,year2022to23,257,FALSE) -> 46.74 | H109: =G109/C9 -> 1.1235577 | I109: =(M9-H109)/H109 -> 0.33247754
A111: DARSO GANG | C111: 385.4 | D111: =SUM(D112:D118) -> 386.84 | E111: =D111/C11 -> 1.00842 | F111: =(I11-E111)/E111 -> 0.22632096 | G111: =SUM(G112:G118) -> 386.84 | H111: =G111/C111 -> 1.0037364 | I111: =(M11-H111)/H111 -> 0.23204322
B112: 15 | C112: 49.3 | D112: =VLOOKUP(B12,year2022to23,257,FALSE) -> 58.17 | E112: =D112/C112 -> 1.1799189 | F112: =(I12-E112)/E112 -> 0.10244289 | G112: =VLOOKUP(B12,year2022to23,257,FALSE) -> 58.17 | H112: =G112/C12 -> 1.1830384 | I112: =(M12-H112)/H112 -> 0.099535843
B113: 16 | C113: 53.2 | D113: =VLOOKUP(B13,year2022to23,257,FALSE) -> 42.08 | E113: =D113/C113 -> 0.79097744 | F113: =(I13-E113)/E113 -> 0.92798829 | G113: =VLOOKUP(B13,year2022to23,257,FALSE) -> 42.08 | H113: =G113/C13 -> 0.79984794 | I113: =(M13-H113)/H113 -> 0.90660646
B114: 17 | C114: 45.7 | D114: =VLOOKUP(B14,year2022to23,257,FALSE) -> 35.18 | E114: =D114/C114 -> 0.76980306 | F114: =(I14-E114)/E114 -> 0.65727952 | G114: =VLOOKUP(B14,year2022to23,257,FALSE) -> 35.18 | H114: =G114/C14 -> 0.77182975 | I114: =(M14-H114)/H114 -> 0.6529278
B115: 19 | C115: 50.62 | D115: =VLOOKUP(B15,year2022to23,257,FALSE) -> 55.03 | E115: =D115/C115 -> 1.0871197 | F115: =(I15-E115)/E115 -> -0.19502995 | G115: =VLOOKUP(B15,year2022to23,257,FALSE) -> 55.03 | H115: =G115/C15 -> 1.0875494 | I115: =(M15-H115)/H115 -> -0.19534799
B116: 20 | C116: 62.08 | D116: =VLOOKUP(B16,year2022to23,257,FALSE) -> 70.12 | E116: =D116/C116 -> 1.1295103 | F116: =(I16-E116)/E116 -> -0.2967851 | G116: =VLOOKUP(B16,year2022to23,257,FALSE) -> 70.12 | H116: =G116/C16 -> 1.1313327 | I116: =(M16-H116)/H116 -> -0.29791786
B117: 21 | C117: 72.2 | D117: =VLOOKUP(B17,year2022to23,257,FALSE) -> 95.46 | E117: =D117/C117 -> 1.3221607 | F117: =(I17-E117)/E117 -> -0.0090169107 | G117: =VLOOKUP(B17,year2022to23,257,FALSE) -> 95.46 | H117: =G117/C17 -> 1.3334265 | I117: =(M17-H117)/H117 -> -0.017389483
...

Sheet OVERALL
A1: ='HARVESTING ROUND'!A1 -> HARVESTER PERFORMANCE CHART FOR THE MONTH OF JAN 2026 (1ST - 31ST)
A2: OVERALL PERFORMANCE
A3: Block | B3: HA per Block | C3: Budget 2025 | D3: 1st Round | E3: 2nd Round | F3: 3rd Round | G3: Total
A4: All Blocks | B4: ='OVERALL BY GANG'!B10 -> 1413.59 | C4: ='OVERALL BY GANG'!C10 -> 1481.58 | D4: ='HARVESTING ROUND'!F36 -> 962.08 | E4: ='HARVESTING ROUND'!G36 -> 569.57 | F4: ='HARVESTING ROUND'!H36 -> 136.71 | G4: =SUM(D4:F4) -> 1668.36
E55: Sept-25 vs Aug-25 Diff. (%) | H55: Sept-25 vs Aug-25 Diff. (%)
E105: Sept-25 vs Sept-24 Diff. (%) | H105: Sept-25 vs Sept-24 Diff. (%)

Sheet OVERALL BY GANG
A1: ='HARVESTING ROUND'!A1 -> HARVESTER PERFORMANCE CHART FOR THE MONTH OF JAN 2026 (1ST - 31ST)
A2: OVERALL PERFORMANCE - BY HARVESTER GANG
A3: Gang | B3: Total HA | C3: Budget 2026 | D3: 1st Round | E3: 2nd Round | F3: 3rd Round | G3: Total | I3: Total Manpower | J3: Total on Long Leave | K3: Manday | L3: MT / Manday | M3: HA per person | N3: MT per person | O3: Ratio HA to MT per person
A4: YUVENTUS UN GANG | B4: ='YUVENTUS UN GANG'!B10 -> 163.73 | C4: ='YUVENTUS UN GANG'!C10 -> 190.06 | D4: ='YUVENTUS UN GANG'!D10 -> 146.76 | E4: ='YUVENTUS UN GANG'!E10 -> 63.45 | F4: ='YUVENTUS UN GANG'!F10 -> 2.61 | G4: =SUM(D4:F4) -> 212.82 | I4: ='YUVENTUS UN GANG'!$D$3 -> 10 | J4: ='YUVENTUS UN GANG'!$D$4 -> 0 | K4: ='YUVENTUS UN GANG'!I10 -> 229 | L4: =G4/K4 -> 0.92934498 | M4: ='YUVENTUS UN GANG'!$J$17 -> 16.373 | N4: ='YUVENTUS UN GANG'!$J$13 -> 21.282 | O4: ='YUVENTUS UN GANG'!J21 -> 1:1.3
A5: DARSO GANG | B5: ='DARSO GANG'!B14 -> 383.61 | C5: ='DARSO GANG'!C14 -> 466.2 | D5: ='DARSO GANG'!D14 -> 219.51 | E5: ='DARSO GANG'!E14 -> 135.8 | F5: ='DARSO GANG'!F14 -> 119.08 | G5: =SUM(D5:F5) -> 474.39 | I5: ='DARSO GANG'!D3 -> 17 | J5: ='DARSO GANG'!D4 -> 0 | K5: ='DARSO GANG'!I14 -> 371 | L5: =G5/K5 -> 1.2786792 | M5: ='DARSO GANG'!J21 -> 22.565294 | N5: ='DARSO GANG'!J17 -> 27.905294 | O5: ='DARSO GANG'!J25 -> 1:1.24
A6: ERDI GANG - to be taken by YUDI | B6: ='YUDI GANG'!B10 -> 123.97 | C6: ='YUDI GANG'!C10 -> 119.86 | D6: ='YUDI GANG'!D10 -> 44.26 | E6: ='YUDI GANG'!E10 -> 106.03 | F6: ='YUDI GANG'!F10 -> 0 | G6: =SUM(D6:F6) -> 150.29 | I6: ='YUDI GANG'!D3 -> 7 | J6: ='YUDI GANG'!D4 -> 0 | K6: ='YUDI GANG'!I10 -> 183 | L6: =G6/K6 -> 0.82125683 | M6: ='YUDI GANG'!J17 -> 17.71 | N6: ='YUDI GANG'!J13 -> 21.47 | O6: ='YUDI GANG'!J21 -> 1:1.21
A7: SOFIO MODENTUS MISSA GANG - previously SERAN | B7: ='SOFIO GANG'!B13 -> 262.38 | C7: ='SOFIO GANG'!C13 -> 291.64 | D7: ='SOFIO GANG'!D13 -> 197.08 | E7: ='SOFIO GANG'!E13 -> 68.68 | F7: ='SOFIO GANG'!F13 -> 2.51 | G7: =SUM(D7:F7) -> 268.27 | I7: ='SOFIO GANG'!D3 -> 12 | J7: ='SOFIO GANG'!D4 -> 0 | K7: ='SOFIO GANG'!I13 -> 267 | L7: =G7/K7 -> 1.0047566 | M7: ='SOFIO GANG'!J20 -> 21.865 | N7: ='SOFIO GANG'!J16 -> 22.355833 | O7: ='SOFIO GANG'!J24 -> 1:1.02
A8: NU AZANI GANG | B8: ='NU AZANI GANG'!B13 -> 291.6 | C8: ='NU AZANI GANG'!C13 -> 339.92 | D8: ='NU AZANI GANG'!D13 -> 254.45 | E8: ='NU AZANI GANG'!E13 -> 134.25 | F8: ='NU AZANI GANG'!F13 -> 9.36 | G8: =SUM(D8:F8) -> 398.06 | I8: ='NU AZANI GANG'!D3 -> 10 | J8: ='NU AZANI GANG'!D4 -> 0 | K8: ='NU AZANI GANG'!I13 -> 249 | L8: =G8/K8 -> 1.5986345 | M8: ='NU AZANI GANG'!J20 -> 29.16 | N8: ='NU AZANI GANG'!J16 -> 39.806 | O8: ='NU AZANI GANG'!J24 -> 1:1.37
A9: WENDERLINUS GANG | B9: ='WENDERLINUS GANG '!B15 -> 188.3 | C9: ='WENDERLINUS GANG '!C15 -> 73.9 | D9: ='WENDERLINUS GANG '!D15 -> 100.02 | E9: ='WENDERLINUS GANG '!E15 -> 61.36 | F9: ='WENDERLINUS GANG '!F15 -> 3.15 | G9: =SUM(D9:F9) -> 164.53 | I9: ='WENDERLINUS GANG '!D3 -> 7 | J9: ='WENDERLINUS GANG '!D4 -> 0 | K9: ='WENDERLINUS GANG '!I15 -> 192 | L9: =G9/K9 -> 0.85692708 | M9: ='WENDERLINUS GANG '!J22 -> 26.9 | N9: ='WENDERLINUS GANG '!J18 -> 23.504286 | O9: ='WENDERLINUS GANG '!J26 -> 1:0.87
A10: All Blocks | B10: =SUM(B4:B9) -> 1413.59 | C10: =SUM(C4:C9) -> 1481.58 | D10: =SUM(D4:D9) -> 962.08 | E10: =SUM(E4:E9) -> 569.57 | F10: =SUM(F4:F9) -> 136.71 | G10: =SUM(G4:G9) -> 1668.36 | I10: =SUM(I4:I9) -> 63 | J10: =SUM(J4:J9) -> 0 | K10: =SUM(K4:K9) -> 1491 | L10: =G10/K10 -> 1.1189537 | M10: =B10/(I10-J10) -> 22.437937 | N10: =G10/(I10-J10) -> 26.481905 | O10: =B10/B10&":"&ROUND(G10/B10,2) -> 1:1.18
E55: Sept-25 vs Aug-25 Diff. (%) | H55: Sept-25 vs Aug-25 Diff. (%)
E105: Sept-25 vs Sept-24 Diff. (%) | H105: Sept-25 vs Sept-24 Diff. (%)

Sheet YUVENTUS UN GANG
A1: ='HARVESTING ROUND'!A1 -> HARVESTER PERFORMANCE CHART FOR THE MONTH OF JAN 2026 (1ST - 31ST)
A2: HARVESTER TEAM: YUVENTUS UN GANG
A3: TOTAL MANPOWER: | D3: 10
A4: TOTAL ON LONG LEAVE: | D4: 0
A6: Block | B6: HA per Block | C6: Budget 2026 | D6: 1st Round | E6: 2nd Round | F6: 3rd Round | G6: Total | I6: Manday | J6: MT / Manday
A7: 1 | B7: =VLOOKUP(A7,budget2026,6,FALSE) -> 53.09 | C7: =VLOOKUP(A7,budget2026,7,FALSE) -> 61.54 | D7: =VLOOKUP(A7,harvestinground,5,FALSE) -> 44.13 | E7: =VLOOKUP(A7,harvestinground,6,FALSE) -> 20.15 | F7: =VLOOKUP(A7,harvestinground,7,FALSE) -> 0 | G7: =SUM(D7:F7) -> 64.28 | I7: =VLOOKUP(A7,manday,34,FALSE) -> 80 | J7: =G7/I7 -> 0.8035
A8: 3 | B8: =VLOOKUP(A8,budget2026,6,FALSE) -> 69.04 | C8: =VLOOKUP(A8,budget2026,7,FALSE) -> 78.72 | D8: =VLOOKUP(A8,harvestinground,5,FALSE) -> 60.98 | E8: =VLOOKUP(A8,harvestinground,6,FALSE) -> 25.28 | F8: =VLOOKUP(A8,harvestinground,7,FALSE) -> 0 | G8: =SUM(D8:F8) -> 86.26 | I8: =VLOOKUP(A8,manday,34,FALSE) -> 72 | J8: =G8/I8 -> 1.1980556
A9: 14 | B9: =VLOOKUP(A9,budget2026,6,FALSE) -> 41.6 | C9: =VLOOKUP(A9,budget2026,7,FALSE) -> 49.8 | D9: =VLOOKUP(A9,harvestinground,5,FALSE) -> 41.65 | E9: =VLOOKUP(A9,harvestinground,6,FALSE) -> 18.02 | F9: =VLOOKUP(A9,harvestinground,7,FALSE) -> 2.61 | G9: =SUM(D9:F9) -> 62.28 | I9: =VLOOKUP(A9,manday,34,FALSE) -> 77 | J9: =G9/I9 -> 0.80883117
B10: =SUM(B7:B9) -> 163.73 | C10: =SUM(C7:C9) -> 190.06 | D10: =SUM(D7:D9) -> 146.76 | E10: =SUM(E7:E9) -> 63.45 | F10: =SUM(F7:F9) -> 2.61 | G10: =SUM(G7:G9) -> 212.82 | I10: =SUM(I7:I9) -> 229
J12: MT per person
J13: =G10/(D3-D4) -> 21.282
J16: HA per person
J17: =B10/(D3-D4) -> 16.373
J20: Ratio HA to MT per person
J21: =J17/J17&":"&ROUND(J13/J17,2) -> 1:1.3
B24: *MIKHAEL led the gang until end of June 2025
B25: In July 2025 the report continued using MIKHAEL's name as leader of the gang.
B26: Should be have YUVENTUS UN
E55: Sept-25 vs Aug-25 Diff. (%) | H55: Sept-25 vs Aug-25 Diff. (%)
E105: Sept-25 vs Sept-24 Diff. (%) | H105: Sept-25 vs Sept-24 Diff. (%)

Sheet DARSO GANG
A1: ='HARVESTING ROUND'!A1 -> HARVESTER PERFORMANCE CHART FOR THE MONTH OF JAN 2026 (1ST - 31ST)
A2: HARVESTER TEAM: DARSO GANG
A3: TOTAL MANPOWER: | D3: 17
A4: TOTAL ON LONG LEAVE:
A6: Block | B6: HA per Block | C6: Budget 2026 | D6: 1st Round | E6: 2nd Round | F6: 3rd Round | G6: Total | I6: Manday | J6: MT / Manday
A7: 15 | B7: =VLOOKUP(A7,budget2026,6,FALSE) -> 49.17 | C7: =VLOOKUP(A7,budget2026,7,FALSE) -> 56.34 | D7: =VLOOKUP(A7,harvestinground,5,FALSE) -> 33.38 | E7: =VLOOKUP(A7,harvestinground,6,FALSE) -> 10.51 | F7: =VLOOKUP(A7,harvestinground,7,FALSE) -> 20.07 | G7: =SUM(D7:F7) -> 63.96 | I7: =VLOOKUP(A7,manday,34,FALSE) -> 56 | J7: =IFERROR(G7/I7,0) -> 1.1421429
A8: 16 | B8: =VLOOKUP(A8,budget2026,6,FALSE) -> 52.61 | C8: =VLOOKUP(A8,budget2026,7,FALSE) -> 60.48 | D8: =VLOOKUP(A8,harvestinground,5,FALSE) -> 36.95 | E8: =VLOOKUP(A8,harvestinground,6,FALSE) -> 21.07 | F8: =VLOOKUP(A8,harvestinground,7,FALSE) -> 22.21 | G8: =SUM(D8:F8) -> 80.23 | I8: =VLOOKUP(A8,manday,34,FALSE) -> 51 | J8: =IFERROR(G8/I8,0) -> 1.5731373
A9: 17 | B9: =VLOOKUP(A9,budget2026,6,FALSE) -> 45.58 | C9: =VLOOKUP(A9,budget2026,7,FALSE) -> 57.42 | D9: =VLOOKUP(A9,harvestinground,5,FALSE) -> 25.86 | E9: =VLOOKUP(A9,harvestinground,6,FALSE) -> 13.43 | F9: =VLOOKUP(A9,harvestinground,7,FALSE) -> 18.86 | G9: =SUM(D9:F9) -> 58.15 | I9: =VLOOKUP(A9,manday,34,FALSE) -> 49 | J9: =IFERROR(G9/I9,0) -> 1.1867347
A10: 19 | B10: =VLOOKUP(A10,budget2026,6,FALSE) -> 50.6 | C10: =VLOOKUP(A10,budget2026,7,FALSE) -> 60.48 | D10: =VLOOKUP(A10,harvestinground,5,FALSE) -> 19.59 | E10: =VLOOKUP(A10,harvestinground,6,FALSE) -> 14.64 | F10: =VLOOKUP(A10,harvestinground,7,FALSE) -> 10.05 | G10: =SUM(D10:F10) -> 44.28 | I10: =VLOOKUP(A10,manday,34,FALSE) -> 40 | J10: =IFERROR(G10/I10,0) -> 1.107
A11: 20 | B11: =VLOOKUP(A11,budget2026,6,FALSE) -> 61.98 | C11: =VLOOKUP(A11,budget2026,7,FALSE) -> 74.16 | D11: =VLOOKUP(A11,harvestinground,5,FALSE) -> 29.87 | E11: =VLOOKUP(A11,harvestinground,6,FALSE) -> 19.36 | F11: =VLOOKUP(A11,harvestinground,7,FALSE) -> 0 | G11: =SUM(D11:F11) -> 49.23 | I11: =VLOOKUP(A11,manday,34,FALSE) -> 50 | J11: =IFERROR(G11/I11,0) -> 0.9846
A12: 21 | B12: =VLOOKUP(A12,budget2026,6,FALSE) -> 71.59 | C12: =VLOOKUP(A12,budget2026,7,FALSE) -> 94.56 | D12: =VLOOKUP(A12,harvestinground,5,FALSE) -> 32.61 | E12: =VLOOKUP(A12,harvestinground,6,FALSE) -> 37.53 | F12: =VLOOKUP(A12,harvestinground,7,FALSE) -> 23.66 | G12: =SUM(D12:F12) -> 93.8 | I12: =VLOOKUP(A12,manday,34,FALSE) -> 71 | J12: =IFERROR(G12/I12,0) -> 1.3211268
A13: 22 | B13: =VLOOKUP(A13,budget2026,6,FALSE) -> 52.08 | C13: =VLOOKUP(A13,budget2026,7,FALSE) -> 62.76 | D13: =VLOOKUP(A13,harvestinground,5,FALSE) -> 41.25 | E13: =VLOOKUP(A13,harvestinground,6,FALSE) -> 19.26 | F13: =VLOOKUP(A13,harvestinground,7,FALSE) -> 24.23 | G13: =SUM(D13:F13) -> 84.74 | I13: =VLOOKUP(A13,manday,34,FALSE) -> 54 | J13: =IFERROR(G13/I13,0) -> 1.5692593
B14: =SUM(B7:B13) -> 383.61 | C14: =SUM(C7:C13) -> 466.2 | D14: =SUM(D7:D13) -> 219.51 | E14: =SUM(E7:E13) -> 135.8 | F14: =SUM(F7:F13) -> 119.08 | G14: =SUM(G7:G13) -> 474.39 | I14: =SUM(I7:I13) -> 371
J16: MT per person
J17: =G14/(D3-D4) -> 27.905294
J20: HA per person
J21: =B14/(D3-D4) -> 22.565294
J24: Ratio HA to MT per person
J25: =J21/J21&":"&ROUND(J17/J21,2) -> 1:1.24
E55: Sept-25 vs Aug-25 Diff. (%) | H55: Sept-25 vs Aug-25 Diff. (%)
E105: Sept-25 vs Sept-24 Diff. (%) | H105: Sept-25 vs Sept-24 Diff. (%)

Sheet YUDI GANG
A1: ='HARVESTING ROUND'!A1 -> HARVESTER PERFORMANCE CHART FOR THE MONTH OF JAN 2026 (1ST - 31ST)
A2: HARVESTER TEAM: YUDI GANG - previously ERDI GANG
A3: TOTAL MANPOWER: | D3: 7
A4: TOTAL ON LONG LEAVE: | D4: 0
A6: Block | B6: HA per Block | C6: Budget 2026 | D6: 1st Round | E6: 2nd Round | F6: 3rd Round | G6: Total | I6: Manday | J6: MT / Manday
A7: 2 | B7: =VLOOKUP(A7,budget2026,6,FALSE) -> 60.27 | C7: =VLOOKUP(A7,budget2026,7,FALSE) -> 68.06 | D7: =VLOOKUP(A7,harvestinground,5,FALSE) -> 3.25 | E7: =VLOOKUP(A7,harvestinground,6,FALSE) -> 86.72 | F7: =VLOOKUP(A7,harvestinground,7,FALSE) -> 0 | G7: =SUM(D7:F7) -> 89.97 | I7: =VLOOKUP(A7,manday,34,FALSE) -> 102 | J7: =G7/I7 -> 0.88205882
A8: 11 | B8: =VLOOKUP(A8,budget2026,6,FALSE) -> 44.5 | C8: =VLOOKUP(A8,budget2026,7,FALSE) -> 48.24 | D8: =VLOOKUP(A8,harvestinground,5,FALSE) -> 34.84 | E8: =VLOOKUP(A8,harvestinground,6,FALSE) -> 15.73 | F8: =VLOOKUP(A8,harvestinground,7,FALSE) -> 0 | G8: =SUM(D8:F8) -> 50.57 | I8: =VLOOKUP(A8,manday,34,FALSE) -> 62 | J8: =G8/I8 -> 0.81564516
A9: 29 | B9: =VLOOKUP(A9,budget2026,6,FALSE) -> 19.2 | C9: =VLOOKUP(A9,budget2026,7,FALSE) -> 3.56 | D9: =VLOOKUP(A9,harvestinground,5,FALSE) -> 6.17 | E9: =VLOOKUP(A9,harvestinground,6,FALSE) -> 3.58 | F9: =VLOOKUP(A9,harvestinground,7,FALSE) -> 0 | G9: =SUM(D9:F9) -> 9.75 | I9: =VLOOKUP(A9,manday,34,FALSE) -> 19 | J9: =G9/I9 -> 0.51315789
B10: =SUM(B7:B9) -> 123.97 | C10: =SUM(C7:C9) -> 119.86 | D10: =SUM(D7:D9) -> 44.26 | E10: =SUM(E7:E9) -> 106.03 | F10: =SUM(F7:F9) -> 0 | G10: =SUM(G7:G9) -> 150.29 | I10: =SUM(I7:I9) -> 183
J12: MT per person
J13: =G10/(D3-D4) -> 21.47
J16: HA per person
J17: =B10/(D3-D4) -> 17.71
J20: Ratio HA to MT per person
J21: =J17/J17&":"&ROUND(J13/J17,2) -> 1:1.21
E55: Sept-25 vs Aug-25 Diff. (%) | H55: Sept-25 vs Aug-25 Diff. (%)
E105: Sept-25 vs Sept-24 Diff. (%) | H105: Sept-25 vs Sept-24 Diff. (%)

Sheet SOFIO GANG
A1: ='HARVESTING ROUND'!A1 -> HARVESTER PERFORMANCE CHART FOR THE MONTH OF JAN 2026 (1ST - 31ST)
A2: HARVESTER TEAM: SOFIO MODENTUS MISSA GANG - previously SERAN
A3: TOTAL MANPOWER: | D3: 12
A4: TOTAL ON LONG LEAVE: | D4: 0
A6: Block | B6: HA per Block | C6: Budget 2026 | D6: 1st Round | E6: 2nd Round | F6: 3rd Round | G6: Total | I6: Manday | J6: MT / Manday
A7: 4 | B7: =VLOOKUP(A7,budget2026,6,FALSE) -> 70.51 | C7: =VLOOKUP(A7,budget2026,7,FALSE) -> 81.46 | D7: =VLOOKUP(A7,harvestinground,5,FALSE) -> 56.01 | E7: =VLOOKUP(A7,harvestinground,6,FALSE) -> 14.9 | F7: =VLOOKUP(A7,harvestinground,7,FALSE) -> 0 | G7: =SUM(D7:F7) -> 70.91 | I7: =VLOOKUP(A7,manday,34,FALSE) -> 59 | J7: =G7/I7 -> 1.2018644
A8: 5 | B8: =VLOOKUP(A8,budget2026,6,FALSE) -> 50.4 | C8: =VLOOKUP(A8,budget2026,7,FALSE) -> 57.48 | D8: =VLOOKUP(A8,harvestinground,5,FALSE) -> 15.7 | E8: =VLOOKUP(A8,harvestinground,6,FALSE) -> 20.68 | F8: =VLOOKUP(A8,harvestinground,7,FALSE) -> 2.51 | G8: =SUM(D8:F8) -> 38.89 | I8: =VLOOKUP(A8,manday,34,FALSE) -> 52 | J8: =G8/I8 -> 0.74788462
A9: 6 | B9: =VLOOKUP(A9,budget2026,6,FALSE) -> 58.6 | C9: =VLOOKUP(A9,budget2026,7,FALSE) -> 66.84 | D9: =VLOOKUP(A9,harvestinground,5,FALSE) -> 40.3 | E9: =VLOOKUP(A9,harvestinground,6,FALSE) -> 15.99 | F9: =VLOOKUP(A9,harvestinground,7,FALSE) -> 0 | G9: =SUM(D9:F9) -> 56.29 | I9: =VLOOKUP(A9,manday,34,FALSE) -> 71 | J9: =G9/I9 -> 0.7928169
A10: 7 | B10: =VLOOKUP(A10,budget2026,6,FALSE) -> 23.6 | C10: =VLOOKUP(A10,budget2026,7,FALSE) -> 22.86 | D10: =VLOOKUP(A10,harvestinground,5,FALSE) -> 24.72 | E10: =VLOOKUP(A10,harvestinground,6,FALSE) -> 0 | F10: =VLOOKUP(A10,harvestinground,7,FALSE) -> 0 | G10: =SUM(D10:F10) -> 24.72 | I10: =VLOOKUP(A10,manday,34,FALSE) -> 12 | J10: =G10/I10 -> 2.06
A11: 23 | B11: =VLOOKUP(A11,budget2026,6,FALSE) -> 14.6 | C11: =VLOOKUP(A11,budget2026,7,FALSE) -> 17.34 | D11: =VLOOKUP(A11,harvestinground,5,FALSE) -> 17.37 | E11: =VLOOKUP(A11,harvestinground,6,FALSE) -> 3.79 | F11: =VLOOKUP(A11,harvestinground,7,FALSE) -> 0 | G11: =SUM(D11:F11) -> 21.16 | I11: =VLOOKUP(A11,manday,34,FALSE) -> 18 | J11: =G11/I11 -> 1.1755556
A12: 24 | B12: =VLOOKUP(A12,budget2026,6,FALSE) -> 44.67 | C12: =VLOOKUP(A12,budget2026,7,FALSE) -> 45.66 | D12: =VLOOKUP(A12,harvestinground,5,FALSE) -> 42.98 | E12: =VLOOKUP(A12,harvestinground,6,FALSE) -> 13.32 | F12: =VLOOKUP(A12,harvestinground,7,FALSE) -> 0 | G12: =SUM(D12:F12) -> 56.3 | I12: =VLOOKUP(A12,manday,34,FALSE) -> 55 | J12: =G12/I12 -> 1.0236364
B13: =SUM(B7:B12) -> 262.38 | C13: =SUM(C7:C12) -> 291.64 | D13: =SUM(D7:D12) -> 197.08 | E13: =SUM(E7:E12) -> 68.68 | F13: =SUM(F7:F12) -> 2.51 | G13: =SUM(G7:G12) -> 268.27 | I13: =SUM(I7:I12) -> 267
J15: MT per person
J16: =G13/(D3-D4) -> 22.355833
J19: HA per person
J20: =B13/(D3-D4) -> 21.865
J23: Ratio HA to MT per person
J24: =J20/J20&":"&ROUND(J16/J20,2) -> 1:1.02
E55: Sept-25 vs Aug-25 Diff. (%) | H55: Sept-25 vs Aug-25 Diff. (%)
E105: Sept-25 vs Sept-24 Diff. (%) | H105: Sept-25 vs Sept-24 Diff. (%)

Sheet NU AZANI GANG
A1: ='HARVESTING ROUND'!A1 -> HARVESTER PERFORMANCE CHART FOR THE MONTH OF JAN 2026 (1ST - 31ST)
A2: HARVESTER TEAM: NU AZANI GANG
A3: TOTAL MANPOWER: | D3: 10
A4: TOTAL ON LONG LEAVE: | D4: 0
A6: Block | B6: HA per Block | C6: Budget 2026 | D6: 1st Round | E6: 2nd Round | F6: 3rd Round | G6: Total | I6: Manday | J6: MT / Manday
A7: 8 | B7: =VLOOKUP(A7,budget2026,6,FALSE) -> 61.6 | C7: =VLOOKUP(A7,budget2026,7,FALSE) -> 70.3 | D7: =VLOOKUP(A7,harvestinground,5,FALSE) -> 43.65 | E7: =VLOOKUP(A7,harvestinground,6,FALSE) -> 36.49 | F7: =VLOOKUP(A7,harvestinground,7,FALSE) -> 9.36 | G7: =SUM(D7:F7) -> 89.5 | I7: =VLOOKUP(A7,manday,34,FALSE) -> 44 | J7: =G7/I7 -> 2.0340909
A8: 9 | B8: =VLOOKUP(A8,budget2026,6,FALSE) -> 38.3 | C8: =VLOOKUP(A8,budget2026,7,FALSE) -> 39.48 | D8: =VLOOKUP(A8,harvestinground,5,FALSE) -> 28.68 | E8: =VLOOKUP(A8,harvestinground,6,FALSE) -> 17.31 | F8: =VLOOKUP(A8,harvestinground,7,FALSE) -> 0 | G8: =SUM(D8:F8) -> 45.99 | I8: =VLOOKUP(A8,manday,34,FALSE) -> 40 | J8: =G8/I8 -> 1.14975
A9: 12 | B9: =VLOOKUP(A9,budget2026,6,FALSE) -> 71 | C9: =VLOOKUP(A9,budget2026,7,FALSE) -> 81.88 | D9: =VLOOKUP(A9,harvestinground,5,FALSE) -> 62.38 | E9: =VLOOKUP(A9,harvestinground,6,FALSE) -> 22.2 | F9: =VLOOKUP(A9,harvestinground,7,FALSE) -> 0 | G9: =SUM(D9:F9) -> 84.58 | I9: =VLOOKUP(A9,manday,34,FALSE) -> 64 | J9: =G9/I9 -> 1.3215625
A10: 10 | B10: =VLOOKUP(A10,budget2026,6,FALSE) -> 19.1 | C10: =VLOOKUP(A10,budget2026,7,FALSE) -> 20.58 | D10: =VLOOKUP(A10,harvestinground,5,FALSE) -> 17.56 | E10: =VLOOKUP(A10,harvestinground,6,FALSE) -> 10.92 | F10: =VLOOKUP(A10,harvestinground,7,FALSE) -> 0 | G10: =SUM(D10:F10) -> 28.48 | I10: =VLOOKUP(A10,manday,34,FALSE) -> 13 | J10: =G10/I10 -> 2.1907692
A11: 13 | B11: =VLOOKUP(A11,budget2026,6,FALSE) -> 60.8 | C11: =VLOOKUP(A11,budget2026,7,FALSE) -> 76.32 | D11: =VLOOKUP(A11,harvestinground,5,FALSE) -> 59.52 | E11: =VLOOKUP(A11,harvestinground,6,FALSE) -> 29.65 | F11: =VLOOKUP(A11,harvestinground,7,FALSE) -> 0 | G11: =SUM(D11:F11) -> 89.17 | I11: =VLOOKUP(A11,manday,34,FALSE) -> 53 | J11: =G11/I11 -> 1.6824528
A12: 18 | B12: =VLOOKUP(A12,budget2026,6,FALSE) -> 40.8 | C12: =VLOOKUP(A12,budget2026,7,FALSE) -> 51.36 | D12: =VLOOKUP(A12,harvestinground,5,FALSE) -> 42.66 | E12: =VLOOKUP(A12,harvestinground,6,FALSE) -> 17.68 | F12: =VLOOKUP(A12,harvestinground,7,FALSE) -> 0 | G12: =SUM(D12:F12) -> 60.34 | I12: =VLOOKUP(A12,manday,34,FALSE) -> 35 | J12: =G12/I12 -> 1.724
B13: =SUM(B7:B12) -> 291.6 | C13: =SUM(C7:C12) -> 339.92 | D13: =SUM(D7:D12) -> 254.45 | E13: =SUM(E7:E12) -> 134.25 | F13: =SUM(F7:F12) -> 9.36 | G13: =SUM(G7:G12) -> 398.06 | I13: =SUM(I7:I12) -> 249
J15: MT per person
J16: =G13/(D3-D4) -> 39.806
J19: HA per person
J20: =B13/(D3-D4) -> 29.16
J23: Ratio HA to MT per person
J24: =J20/J20&":"&ROUND(J16/J20,2) -> 1:1.37
E55: Sept-25 vs Aug-25 Diff. (%) | H55: Sept-25 vs Aug-25 Diff. (%)
E105: Sept-25 vs Sept-24 Diff. (%) | H105: Sept-25 vs Sept-24 Diff. (%)

Sheet WENDERLINUS GANG 
A1: ='HARVESTING ROUND'!A1 -> HARVESTER PERFORMANCE CHART FOR THE MONTH OF JAN 2026 (1ST - 31ST)
A2: HARVESTER TEAM: WENDERLINUS GANG
A3: TOTAL MANPOWER: | D3: 7
A4: TOTAL ON LONG LEAVE: | D4: 0
A6: Block | B6: HA per Block | C6: Budget 2026 | D6: 1st Round | E6: 2nd Round | F6: 3rd Round | G6: Total | I6: Manday | J6: MT / Manday
A7: 25 | B7: =VLOOKUP(A7,budget2026,6,FALSE) -> 38.2 | C7: =VLOOKUP(A7,budget2026,7,FALSE) -> 8.06 | D7: =VLOOKUP(A7,harvestinground,5,FALSE) -> 16.68 | E7: =VLOOKUP(A7,harvestinground,6,FALSE) -> 5.99 | F7: =VLOOKUP(A7,harvestinground,7,FALSE) -> 0 | G7: =SUM(D7:F7) -> 22.67 | I7: =VLOOKUP(A7,manday,34,FALSE) -> 25 | J7: =IFERROR(G7/I7,0) -> 0.9068
A8: 26A | B8: =VLOOKUP(A8,budget2026,6,FALSE) -> 22.7 | C8: =VLOOKUP(A8,budget2026,7,FALSE) -> 5.98 | D8: =VLOOKUP(A8,harvestinground,5,FALSE) -> 14.24 | E8: =VLOOKUP(A8,harvestinground,6,FALSE) -> 10.84 | F8: =VLOOKUP(A8,harvestinground,7,FALSE) -> 0 | G8: =SUM(D8:F8) -> 25.08 | I8: =VLOOKUP(A8,manday,34,FALSE) -> 21 | J8: =IFERROR(G8/I8,0) -> 1.1942857
A9: 27 | B9: =VLOOKUP(A9,budget2026,6,FALSE) -> 14.3 | C9: =VLOOKUP(A9,budget2026,7,FALSE) -> 5.1 | D9: =VLOOKUP(A9,harvestinground,5,FALSE) -> 8.31 | E9: =VLOOKUP(A9,harvestinground,6,FALSE) -> 8.74 | F9: =VLOOKUP(A9,harvestinground,7,FALSE) -> 0 | G9: =SUM(D9:F9) -> 17.05 | I9: =VLOOKUP(A9,manday,34,FALSE) -> 22 | J9: =IFERROR(G9/I9,0) -> 0.775
A10: 28 | B10: =VLOOKUP(A10,budget2026,6,FALSE) -> 21.9 | C10: =VLOOKUP(A10,budget2026,7,FALSE) -> 15.72 | D10: =VLOOKUP(A10,harvestinground,5,FALSE) -> 16.89 | E10: =VLOOKUP(A10,harvestinground,6,FALSE) -> 12.38 | F10: =VLOOKUP(A10,harvestinground,7,FALSE) -> 0 | G10: =SUM(D10:F10) -> 29.27 | I10: =VLOOKUP(A10,manday,34,FALSE) -> 28 | J10: =IFERROR(G10/I10,0) -> 1.0453571
A11: 30 | B11: =VLOOKUP(A11,budget2026,6,FALSE) -> 24.3 | C11: =VLOOKUP(A11,budget2026,7,FALSE) -> 4.7 | D11: =VLOOKUP(A11,harvestinground,5,FALSE) -> 11.82 | E11: =VLOOKUP(A11,harvestinground,6,FALSE) -> 9.13 | F11: =VLOOKUP(A11,harvestinground,7,FALSE) -> 0 | G11: =SUM(D11:F11) -> 20.95 | I11: =VLOOKUP(A11,manday,34,FALSE) -> 21 | J11: =IFERROR(G11/I11,0) -> 0.99761905
A12: 31 | B12: =VLOOKUP(A12,budget2026,6,FALSE) -> 34 | C12: =VLOOKUP(A12,budget2026,7,FALSE) -> 7.1 | D12: =VLOOKUP(A12,harvestinground,5,FALSE) -> 10.94 | E12: =VLOOKUP(A12,harvestinground,6,FALSE) -> 6.92 | F12: =VLOOKUP(A12,harvestinground,7,FALSE) -> 3.15 | G12: =SUM(D12:F12) -> 21.01 | I12: =VLOOKUP(A12,manday,34,FALSE) -> 26 | J12: =IFERROR(G12/I12,0) -> 0.80807692
A13: 33 | B13: =VLOOKUP(A13,budget2026,6,FALSE) -> 28.4 | C13: =VLOOKUP(A13,budget2026,7,FALSE) -> 26.62 | D13: =VLOOKUP(A13,harvestinground,5,FALSE) -> 19.08 | E13: =VLOOKUP(A13,harvestinground,6,FALSE) -> 6.49 | F13: =VLOOKUP(A13,harvestinground,7,FALSE) -> 0 | G13: =SUM(D13:F13) -> 25.57 | I13: =VLOOKUP(A13,manday,34,FALSE) -> 35 | J13: =IFERROR(G13/I13,0) -> 0.73057143
A14: 39 | B14: =VLOOKUP(A14,budget2026,6,FALSE) -> 4.5 | C14: =VLOOKUP(A14,budget2026,7,FALSE) -> 0.62 | D14: =VLOOKUP(A14,harvestinground,5,FALSE) -> 2.06 | E14: =VLOOKUP(A14,harvestinground,6,FALSE) -> 0.87 | F14: =VLOOKUP(A14,harvestinground,7,FALSE) -> 0 | G14: =SUM(D14:F14) -> 2.93 | I14: =VLOOKUP(A14,manday,34,FALSE) -> 14 | J14: =IFERROR(G14/I14,0) -> 0.20928571
B15: =SUM(B7:B14) -> 188.3 | C15: =SUM(C7:C14) -> 73.9 | D15: =SUM(D7:D14) -> 100.02 | E15: =SUM(E7:E14) -> 61.36 | F15: =SUM(F7:F14) -> 3.15 | G15: =SUM(G7:G14) -> 164.53 | I15: =SUM(I7:I14) -> 192
J17: MT per person
J18: =G15/(D3-D4) -> 23.504286
J21: HA per person
J22: =B15/(D3-D4) -> 26.9
J25: Ratio HA to MT per person
J26: =J22/J22&":"&ROUND(J18/J22,2) -> 1:0.87
E55: Sept-25 vs Aug-25 Diff. (%) | H55: Sept-25 vs Aug-25 Diff. (%)
E105: Sept-25 vs Sept-24 Diff. (%) | H105: Sept-25 vs Sept-24 Diff. (%)

Sheet FFB interval 2025 vs 2026
A1: FFB INTERVAL 2025 VS 2024 FOR THE MONTH OF NOVEMBER
D3: 2025 | Q3: 2026
A4: GANG | B4: COUPE | C4: BLOCK | D4: 1st round | E4: days taken | F4: average FFB per day | G4: 2024 1st & 2nd round interval | H4: 2nd round | I4: days taken | J4: average FFB per day | K4: 2024 2nd & 3rd round interval | L4: 3rd round | M4: days taken | N4: average FFB per day | O4: manday | Q4: 1st round | R4: days taken | S4: average FFB per day | T4: 2025 1st & 2nd round interval | U4: 2nd round | V4: days taken | W4: average FFB per day | X4: 2025 2nd & 3rd round interval | Y4: 3rd round | Z4: days taken | AA4: average FFB per day | AB4: manday
A5: YUVENTUS GANG | B5: 2010 | C5: 1 | D5: =VLOOKUP(C5,october2024,35,FALSE)+VLOOKUP(C5,october2024,36,FALSE) -> 111.05 | E5: =VLOOKUP(C5,october2024,39,FALSE) -> 0 | F5: =VLOOKUP(C5,october2024,40,FALSE) -> 0 | G5: =IF(VALUE(I5)=0,"",VLOOKUP(C5,october2024,43,FALSE)-VLOOKUP(C5,october2024,39,FALSE)) | H5: =VLOOKUP(C5,october2024,41,FALSE)+VLOOKUP(C5,october2024,42,FALSE) -> 40.63 | I5: =VLOOKUP(C5,october2024,45,FALSE) -> 0 | J5: =VLOOKUP(C5,october2024,46,FALSE) -> 0 | K5: =IF(VALUE(M5)=0, "", VLOOKUP(C5, october2024, 49, FALSE) - VLOOKUP(C5, october2024, 45, FALSE)) | L5: =VLOOKUP(C5,october2024,47,FALSE) -> 0 | M5: =VLOOKUP(C5,october2024,51,FALSE) -> 0 | N5: =VLOOKUP(C5,october2024,49,FALSE) -> 0 | O5: =VLOOKUP(C5,october2024,34,FALSE) -> 80 | Q5: =VLOOKUP(C5,manday,35,FALSE) -> 111.05 | R5: =VLOOKUP(C5,manday,39,FALSE) -> 0 | S5: =IFERROR(Q5/R5,0) -> 0 | T5: =IF(VALUE(V5)=0,"",VLOOKUP(C5,manday,43,FALSE)-VLOOKUP(C5,manday,39,FALSE)-VLOOKUP(C5,manday,37,FALSE)+1) | U5: =VLOOKUP(C5,manday,41,FALSE) -> 40.63 | V5: =VLOOKUP(C5,manday,45,FALSE) -> 0 | W5: =IFERROR(U5/V5,0) -> 0 | X5: =IF(VALUE(Z5)=0, "", VLOOKUP(C5, manday, 49, FALSE) - VLOOKUP(C5, manday, 45, FALSE)) | Y5: =VLOOKUP(C5,manday,47,FALSE) -> 0 | Z5: =VLOOKUP(C5,manday,51,FALSE) -> 0 | AA5: =VLOOKUP(C5,manday,49,FALSE) -> 0 | AB5: =VLOOKUP(C5,manday,34,FALSE) -> 80
B6: 2010 | C6: 3 | D6: =VLOOKUP(C6,october2024,35,FALSE)+VLOOKUP(C6,october2024,36,FALSE) -> 65.93 | E6: =VLOOKUP(C6,october2024,39,FALSE) -> 0 | F6: =VLOOKUP(C6,october2024,40,FALSE) -> 0 | G6: =IF(VALUE(I6)=0,"",VLOOKUP(C6,october2024,43,FALSE)-VLOOKUP(C6,october2024,39,FALSE)) | H6: =VLOOKUP(C6,october2024,41,FALSE)+VLOOKUP(C6,october2024,42,FALSE) -> 16.14 | I6: =VLOOKUP(C6,october2024,45,FALSE) -> 0 | J6: =VLOOKUP(C6,october2024,46,FALSE) -> 0 | K6: =IF(VALUE(M6)=0, "", VLOOKUP(C6, october2024, 49, FALSE) - VLOOKUP(C6, october2024, 45, FALSE)) | L6: =VLOOKUP(C6,october2024,47,FALSE) -> 0 | M6: =VLOOKUP(C6,october2024,51,FALSE) -> 0 | N6: =VLOOKUP(C6,october2024,49,FALSE) -> 0 | O6: =VLOOKUP(C6,october2024,34,FALSE) -> 72 | Q6: =VLOOKUP(C6,manday,35,FALSE) -> 65.93 | R6: =VLOOKUP(C6,manday,39,FALSE) -> 0 | S6: =IFERROR(Q6/R6,0) -> 0 | T6: =IF(VALUE(V6)=0,"",VLOOKUP(C6,manday,43,FALSE)-VLOOKUP(C6,manday,39,FALSE)-VLOOKUP(C6,manday,37,FALSE)+1) | U6: =VLOOKUP(C6,manday,41,FALSE) -> 16.14 | V6: =VLOOKUP(C6,manday,45,FALSE) -> 0 | W6: =IFERROR(U6/V6,0) -> 0 | X6: =IF(VALUE(Z6)=0, "", VLOOKUP(C6, manday, 49, FALSE) - VLOOKUP(C6, manday, 45, FALSE)) | Y6: =VLOOKUP(C6,manday,47,FALSE) -> 0 | Z6: =VLOOKUP(C6,manday,51,FALSE) -> 0 | AA6: =VLOOKUP(C6,manday,49,FALSE) -> 0 | AB6: =VLOOKUP(C6,manday,34,FALSE) -> 72
B7: 2011 | C7: 14 | D7: =VLOOKUP(C7,october2024,35,FALSE)+VLOOKUP(C7,october2024,36,FALSE) -> 59.76 | E7: =VLOOKUP(C7,october2024,39,FALSE) -> 0 | F7: =VLOOKUP(C7,october2024,40,FALSE) -> 0 | G7: =IF(VALUE(I7)=0,"",VLOOKUP(C7,october2024,43,FALSE)-VLOOKUP(C7,october2024,39,FALSE)) | H7: =VLOOKUP(C7,october2024,41,FALSE)+VLOOKUP(C7,october2024,42,FALSE) -> 34.15 | I7: =VLOOKUP(C7,october2024,45,FALSE) -> 0 | J7: =VLOOKUP(C7,october2024,46,FALSE) -> 0 | K7: =IF(VALUE(M7)=0, "", VLOOKUP(C7, october2024, 49, FALSE) - VLOOKUP(C7, october2024, 45, FALSE)) | L7: =VLOOKUP(C7,october2024,47,FALSE) -> 0 | M7: =VLOOKUP(C7,october2024,51,FALSE) -> 0 | N7: =VLOOKUP(C7,october2024,49,FALSE) -> 0 | O7: =VLOOKUP(C7,october2024,34,FALSE) -> 77 | Q7: =VLOOKUP(C7,manday,35,FALSE) -> 59.76 | R7: =VLOOKUP(C7,manday,39,FALSE) -> 0 | S7: =IFERROR(Q7/R7,0) -> 0 | T7: =IF(VALUE(V7)=0,"",VLOOKUP(C7,manday,43,FALSE)-VLOOKUP(C7,manday,39,FALSE)-VLOOKUP(C7,manday,37,FALSE)+1) | U7: =VLOOKUP(C7,manday,41,FALSE) -> 34.15 | V7: =VLOOKUP(C7,manday,45,FALSE) -> 0 | W7: =IFERROR(U7/V7,0) -> 0 | X7: =IF(VALUE(Z7)=0, "", VLOOKUP(C7, manday, 49, FALSE) - VLOOKUP(C7, manday, 45, FALSE)) | Y7: =VLOOKUP(C7,manday,47,FALSE) -> 0 | Z7: =VLOOKUP(C7,manday,51,FALSE) -> 0 | AA7: =VLOOKUP(C7,manday,49,FALSE) -> 0 | AB7: =VLOOKUP(C7,manday,34,FALSE) -> 77
A8: SOFIO MODENTUS MISSA GANG - previously SERAN | B8: 2010 | C8: 4 | D8: =VLOOKUP(C8,october2024,35,FALSE)+VLOOKUP(C8,october2024,36,FALSE) -> 70.53 | E8: =VLOOKUP(C8,october2024,39,FALSE) -> 0 | F8: =VLOOKUP(C8,october2024,40,FALSE) -> 0 | G8: =IF(VALUE(I8)=0,"",VLOOKUP(C8,october2024,43,FALSE)-VLOOKUP(C8,october2024,39,FALSE)) | H8: =VLOOKUP(C8,october2024,41,FALSE)+VLOOKUP(C8,october2024,42,FALSE) -> 0 | I8: =VLOOKUP(C8,october2024,45,FALSE) -> 0 | J8: =VLOOKUP(C8,october2024,46,FALSE) -> 0 | K8: =IF(VALUE(M8)=0, "", VLOOKUP(C8, october2024, 49, FALSE) - VLOOKUP(C8, october2024, 45, FALSE)) | L8: =VLOOKUP(C8,october2024,47,FALSE) -> 0 | M8: =VLOOKUP(C8,october2024,51,FALSE) -> 0 | N8: =VLOOKUP(C8,october2024,49,FALSE) -> 0 | O8: =VLOOKUP(C8,october2024,34,FALSE) -> 59 | Q8: =VLOOKUP(C8,manday,35,FALSE) -> 70.53 | R8: =VLOOKUP(C8,manday,39,FALSE) -> 0 | S8: =IFERROR(Q8/R8,0) -> 0 | T8: =IF(VALUE(V8)=0,"",VLOOKUP(C8,manday,43,FALSE)-VLOOKUP(C8,manday,39,FALSE)-VLOOKUP(C8,manday,37,FALSE)+1) | U8: =VLOOKUP(C8,manday,41,FALSE) -> 0 | V8: =VLOOKUP(C8,manday,45,FALSE) -> 0 | W8: =IFERROR(U8/V8,0) -> 0 | X8: =IF(VALUE(Z8)=0, "", VLOOKUP(C8, manday, 49, FALSE) - VLOOKUP(C8, manday, 45, FALSE)) | Y8: =VLOOKUP(C8,manday,47,FALSE) -> 0 | Z8: =VLOOKUP(C8,manday,51,FALSE) -> 0 | AA8: =VLOOKUP(C8,manday,49,FALSE) -> 0 | AB8: =VLOOKUP(C8,manday,34,FALSE) -> 59
B9: 2010 | C9: 5 | D9: =VLOOKUP(C9,october2024,35,FALSE)+VLOOKUP(C9,october2024,36,FALSE) -> 37.13 | E9: =VLOOKUP(C9,october2024,39,FALSE) -> 0 | F9: =VLOOKUP(C9,october2024,40,FALSE) -> 0 | G9: =IF(VALUE(I9)=0,"",VLOOKUP(C9,october2024,43,FALSE)-VLOOKUP(C9,october2024,39,FALSE)) | H9: =VLOOKUP(C9,october2024,41,FALSE)+VLOOKUP(C9,october2024,42,FALSE) -> 39.16 | I9: =VLOOKUP(C9,october2024,45,FALSE) -> 0 | J9: =VLOOKUP(C9,october2024,46,FALSE) -> 0 | K9: =IF(VALUE(M9)=0, "", VLOOKUP(C9, october2024, 49, FALSE) - VLOOKUP(C9, october2024, 45, FALSE)) | L9: =VLOOKUP(C9,october2024,47,FALSE) -> 0 | M9: =VLOOKUP(C9,october2024,51,FALSE) -> 0 | N9: =VLOOKUP(C9,october2024,49,FALSE) -> 0 | O9: =VLOOKUP(C9,october2024,34,FALSE) -> 52 | Q9: =VLOOKUP(C9,manday,35,FALSE) -> 37.13 | R9: =VLOOKUP(C9,manday,39,FALSE) -> 0 | S9: =IFERROR(Q9/R9,0) -> 0 | T9: =IF(VALUE(V9)=0,"",VLOOKUP(C9,manday,43,FALSE)-VLOOKUP(C9,manday,39,FALSE)-VLOOKUP(C9,manday,37,FALSE)+1) | U9: =VLOOKUP(C9,manday,41,FALSE) -> 39.16 | V9: =VLOOKUP(C9,manday,45,FALSE) -> 0 | W9: =IFERROR(U9/V9,0) -> 0 | X9: =IF(VALUE(Z9)=0, "", VLOOKUP(C9, manday, 49, FALSE) - VLOOKUP(C9, manday, 45, FALSE)) | Y9: =VLOOKUP(C9,manday,47,FALSE) -> 0 | Z9: =VLOOKUP(C9,manday,51,FALSE) -> 0 | AA9: =VLOOKUP(C9,manday,49,FALSE) -> 0 | AB9: =VLOOKUP(C9,manday,34,FALSE) -> 52
B10: 2010 | C10: 6 | D10: =VLOOKUP(C10,october2024,35,FALSE)+VLOOKUP(C10,october2024,36,FALSE) -> 44.18 | E10: =VLOOKUP(C10,october2024,39,FALSE) -> 0 | F10: =VLOOKUP(C10,october2024,40,FALSE) -> 0 | G10: =IF(VALUE(I10)=0,"",VLOOKUP(C10,october2024,43,FALSE)-VLOOKUP(C10,october2024,39,FALSE)) | H10: =VLOOKUP(C10,october2024,41,FALSE)+VLOOKUP(C10,october2024,42,FALSE) -> 63.39 | I10: =VLOOKUP(C10,october2024,45,FALSE) -> 0 | J10: =VLOOKUP(C10,october2024,46,FALSE) -> 0 | K10: =IF(VALUE(M10)=0, "", VLOOKUP(C10, october2024, 49, FALSE) - VLOOKUP(C10, october2024, 45, FALSE)) | L10: =VLOOKUP(C10,october2024,47,FALSE) -> 0 | M10: =VLOOKUP(C10,october2024,51,FALSE) -> 0 | N10: =VLOOKUP(C10,october2024,49,FALSE) -> 0 | O10: =VLOOKUP(C10,october2024,34,FALSE) -> 71 | Q10: =VLOOKUP(C10,manday,35,FALSE) -> 44.18 | R10: =VLOOKUP(C10,manday,39,FALSE) -> 0 | S10: =IFERROR(Q10/R10,0) -> 0 | T10: =IF(VALUE(V10)=0,"",VLOOKUP(C10,manday,43,FALSE)-VLOOKUP(C10,manday,39,FALSE)-VLOOKUP(C10,manday,37,FALSE)+1) | U10: =VLOOKUP(C10,manday,41,FALSE) -> 63.39 | V10: =VLOOKUP(C10,manday,45,FALSE) -> 0 | W10: =IFERROR(U10/V10,0) -> 0 | X10: =IF(VALUE(Z10)=0, "", VLOOKUP(C10, manday, 49, FALSE) - VLOOKUP(C10, manday, 45, FALSE)) | Y10: =VLOOKUP(C10,manday,47,FALSE) -> 0 | Z10: =VLOOKUP(C10,manday,51,FALSE) -> 0 | AA10: =VLOOKUP(C10,manday,49,FALSE) -> 0 | AB10: =VLOOKUP(C10,manday,34,FALSE) -> 71
B11: 2010 | C11: 7 | D11: =VLOOKUP(C11,october2024,35,FALSE)+VLOOKUP(C11,october2024,36,FALSE) -> 25.65 | E11: =VLOOKUP(C11,october2024,39,FALSE) -> 0 | F11: =VLOOKUP(C11,october2024,40,FALSE) -> 0 | G11: =IF(VALUE(I11)=0,"",VLOOKUP(C11,october2024,43,FALSE)-VLOOKUP(C11,october2024,39,FALSE)) | H11: =VLOOKUP(C11,october2024,41,FALSE)+VLOOKUP(C11,october2024,42,FALSE) -> 19.72 | I11: =VLOOKUP(C11,october2024,45,FALSE) -> 0 | J11: =VLOOKUP(C11,october2024,46,FALSE) -> 0 | K11: =IF(VALUE(M11)=0, "", VLOOKUP(C11, october2024, 49, FALSE) - VLOOKUP(C11, october2024, 45, FALSE)) | L11: =VLOOKUP(C11,october2024,47,FALSE) -> 0 | M11: =VLOOKUP(C11,october2024,51,FALSE) -> 0 | N11: =VLOOKUP(C11,october2024,49,FALSE) -> 0 | O11: =VLOOKUP(C11,october2024,34,FALSE) -> 12 | Q11: =VLOOKUP(C11,manday,35,FALSE) -> 25.65 | R11: =VLOOKUP(C11,manday,39,FALSE) -> 0 | S11: =IFERROR(Q11/R11,0) -> 0 | T11: =IF(VALUE(V11)=0,"",VLOOKUP(C11,manday,43,FALSE)-VLOOKUP(C11,manday,39,FALSE)-VLOOKUP(C11,manday,37,FALSE)+1) | U11: =VLOOKUP(C11,manday,41,FALSE) -> 19.72 | V11: =VLOOKUP(C11,manday,45,FALSE) -> 0 | W11: =IFERROR(U11/V11,0) -> 0 | X11: =IF(VALUE(Z11)=0, "", VLOOKUP(C11, manday, 49, FALSE) - VLOOKUP(C11, manday, 45, FALSE)) | Y11: =VLOOKUP(C11,manday,47,FALSE) -> 0 | Z11: =VLOOKUP(C11,manday,51,FALSE) -> 0 | AA11: =VLOOKUP(C11,manday,49,FALSE) -> 0 | AB11: =VLOOKUP(C11,manday,34,FALSE) -> 12
B12: 2010 | C12: 23 | D12: =VLOOKUP(C12,october2024,35,FALSE)+VLOOKUP(C12,october2024,36,FALSE) -> 4 | E12: =VLOOKUP(C12,october2024,39,FALSE) -> 0 | F12: =VLOOKUP(C12,october2024,40,FALSE) -> 0 | G12: =IF(VALUE(I12)=0,"",VLOOKUP(C12,october2024,43,FALSE)-VLOOKUP(C12,october2024,39,FALSE)) | H12: =VLOOKUP(C12,october2024,41,FALSE)+VLOOKUP(C12,october2024,42,FALSE) -> 17.66 | I12: =VLOOKUP(C12,october2024,45,FALSE) -> 0 | J12: =VLOOKUP(C12,october2024,46,FALSE) -> 0 | K12: =IF(VALUE(M12)=0, "", VLOOKUP(C12, october2024, 49, FALSE) - VLOOKUP(C12, october2024, 45, FALSE)) | L12: =VLOOKUP(C12,october2024,47,FALSE) -> 0 | M12: =VLOOKUP(C12,october2024,51,FALSE) -> 0 | N12: =VLOOKUP(C12,october2024,49,FALSE) -> 0 | O12: =VLOOKUP(C12,october2024,34,FALSE) -> 18 | Q12: =VLOOKUP(C12,manday,35,FALSE) -> 4 | R12: =VLOOKUP(C12,manday,39,FALSE) -> 0 | S12: =IFERROR(Q12/R12,0) -> 0 | T12: =IF(VALUE(V12)=0,"",VLOOKUP(C12,manday,43,FALSE)-VLOOKUP(C12,manday,39,FALSE)-VLOOKUP(C12,manday,37,FALSE)+1) | U12: =VLOOKUP(C12,manday,41,FALSE) -> 17.66 | V12: =VLOOKUP(C12,manday,45,FALSE) -> 0 | W12: =IFERROR(U12/V12,0) -> 0 | X12: =IF(VALUE(Z12)=0, "", VLOOKUP(C12, manday, 49, FALSE) - VLOOKUP(C12, manday, 45, FALSE)) | Y12: =VLOOKUP(C12,manday,47,FALSE) -> 0 | Z12: =VLOOKUP(C12,manday,51,FALSE) -> 0 | AA12: =VLOOKUP(C12,manday,49,FALSE) -> 0 | AB12: =VLOOKUP(C12,manday,34,FALSE) -> 18
B13: 2012 | C13: 24 | D13: =VLOOKUP(C13,october2024,35,FALSE)+VLOOKUP(C13,october2024,36,FALSE) -> 29.61 | E13: =VLOOKUP(C13,october2024,39,FALSE) -> 0 | F13: =VLOOKUP(C13,october2024,40,FALSE) -> 0 | G13: =IF(VALUE(I13)=0,"",VLOOKUP(C13,october2024,43,FALSE)-VLOOKUP(C13,october2024,39,FALSE)) | H13: =VLOOKUP(C13,october2024,41,FALSE)+VLOOKUP(C13,october2024,42,FALSE) -> 57.95 | I13: =VLOOKUP(C13,october2024,45,FALSE) -> 0 | J13: =VLOOKUP(C13,october2024,46,FALSE) -> 0 | K13: =IF(VALUE(M13)=0, "", VLOOKUP(C13, october2024, 49, FALSE) - VLOOKUP(C13, october2024, 45, FALSE)) | L13: =VLOOKUP(C13,october2024,47,FALSE) -> 0 | M13: =VLOOKUP(C13,october2024,51,FALSE) -> 0 | N13: =VLOOKUP(C13,october2024,49,FALSE) -> 0 | O13: =VLOOKUP(C13,october2024,34,FALSE) -> 55 | Q13: =VLOOKUP(C13,manday,35,FALSE) -> 29.61 | R13: =VLOOKUP(C13,manday,39,FALSE) -> 0 | S13: =IFERROR(Q13/R13,0) -> 0 | T13: =IF(VALUE(V13)=0,"",VLOOKUP(C13,manday,43,FALSE)-VLOOKUP(C13,manday,39,FALSE)-VLOOKUP(C13,manday,37,FALSE)+1) | U13: =VLOOKUP(C13,manday,41,FALSE) -> 57.95 | V13: =VLOOKUP(C13,manday,45,FALSE) -> 0 | W13: =IFERROR(U13/V13,0) -> 0 | X13: =IF(VALUE(Z13)=0, "", VLOOKUP(C13, manday, 49, FALSE) - VLOOKUP(C13, manday, 45, FALSE)) | Y13: =VLOOKUP(C13,manday,47,FALSE) -> 0 | Z13: =VLOOKUP(C13,manday,51,FALSE) -> 0 | AA13: =VLOOKUP(C13,manday,49,FALSE) -> 0 | AB13: =VLOOKUP(C13,manday,34,FALSE) -> 55
A14: DARSO GANG | B14: 2011 | C14: 15 | D14: =VLOOKUP(C14,october2024,35,FALSE)+VLOOKUP(C14,october2024,36,FALSE) -> 62.25 | E14: =VLOOKUP(C14,october2024,39,FALSE) -> 0 | F14: =VLOOKUP(C14,october2024,40,FALSE) -> 0 | G14: =IF(VALUE(I14)=0,"",VLOOKUP(C14,october2024,43,FALSE)-VLOOKUP(C14,october2024,39,FALSE)) | H14: =VLOOKUP(C14,october2024,41,FALSE)+VLOOKUP(C14,october2024,42,FALSE) -> 8.74 | I14: =VLOOKUP(C14,october2024,45,FALSE) -> 0 | J14: =VLOOKUP(C14,october2024,46,FALSE) -> 0 | K14: =IF(VALUE(M14)=0, "", VLOOKUP(C14, october2024, 49, FALSE) - VLOOKUP(C14, october2024, 45, FALSE)) | L14: =VLOOKUP(C14,october2024,47,FALSE) -> 0 | M14: =VLOOKUP(C14,october2024,51,FALSE) -> 0 | N14: =VLOOKUP(C14,october2024,49,FALSE) -> 0 | O14: =VLOOKUP(C14,october2024,34,FALSE) -> 56 | Q14: =VLOOKUP(C14,manday,35,FALSE) -> 62.25 | R14: =VLOOKUP(C14,manday,39,FALSE) -> 0 | S14: =IFERROR(Q14/R14,0) -> 0 | T14: =IF(VALUE(V14)=0,"",VLOOKUP(C14,manday,43,FALSE)-VLOOKUP(C14,manday,39,FALSE)-VLOOKUP(C14,manday,37,FALSE)+1) | U14: =VLOOKUP(C14,manday,41,FALSE) -> 8.74 | V14: =VLOOKUP(C14,manday,45,FALSE) -> 0 | W14: =IFERROR(U14/V14,0) -> 0 | X14: =IF(VALUE(Z14)=0, "", VLOOKUP(C14, manday, 49, FALSE) - VLOOKUP(C14, manday, 45, FALSE)) | Y14: =VLOOKUP(C14,manday,47,FALSE) -> 0 | Z14: =VLOOKUP(C14,manday,51,FALSE) -> 0 | AA14: =VLOOKUP(C14,manday,49,FALSE) -> 0 | AB14: =VLOOKUP(C14,manday,34,FALSE) -> 56
B15: 2011 | C15: 16 | D15: =VLOOKUP(C15,october2024,35,FALSE)+VLOOKUP(C15,october2024,36,FALSE) -> 34.21 | E15: =VLOOKUP(C15,october2024,39,FALSE) -> 0 | F15: =VLOOKUP(C15,october2024,40,FALSE) -> 0 | G15: =IF(VALUE(I15)=0,"",VLOOKUP(C15,october2024,43,FALSE)-VLOOKUP(C15,october2024,39,FALSE)) | H15: =VLOOKUP(C15,october2024,41,FALSE)+VLOOKUP(C15,october2024,42,FALSE) -> 26.28 | I15: =VLOOKUP(C15,october2024,45,FALSE) -> 0 | J15: =VLOOKUP(C15,october2024,46,FALSE) -> 0 | K15: =IF(VALUE(M15)=0, "", VLOOKUP(C15, october2024, 49, FALSE) - VLOOKUP(C15, october2024, 45, FALSE)) | L15: =VLOOKUP(C15,october2024,47,FALSE) -> 0 | M15: =VLOOKUP(C15,october2024,51,FALSE) -> 0 | N15: =VLOOKUP(C15,october2024,49,FALSE) -> 0 | O15: =VLOOKUP(C15,october2024,34,FALSE) -> 51 | Q15: =VLOOKUP(C15,manday,35,FALSE) -> 34.21 | R15: =VLOOKUP(C15,manday,39,FALSE) -> 0 | S15: =IFERROR(Q15/R15,0) -> 0 | T15: =IF(VALUE(V15)=0,"",VLOOKUP(C15,manday,43,FALSE)-VLOOKUP(C15,manday,39,FALSE)-VLOOKUP(C15,manday,37,FALSE)+1) | U15: =VLOOKUP(C15,manday,41,FALSE) -> 26.28 | V15: =VLOOKUP(C15,manday,45,FALSE) -> 0 | W15: =IFERROR(U15/V15,0) -> 0 | X15: =IF(VALUE(Z15)=0, "", VLOOKUP(C15, manday, 49, FALSE) - VLOOKUP(C15, manday, 45, FALSE)) | Y15: =VLOOKUP(C15,manday,47,FALSE) -> 0 | Z15: =VLOOKUP(C15,manday,51,FALSE) -> 0 | AA15: =VLOOKUP(C15,manday,49,FALSE) -> 0 | AB15: =VLOOKUP(C15,manday,34,FALSE) -> 51
B16: 2011 | C16: 17 | D16: =VLOOKUP(C16,october2024,35,FALSE)+VLOOKUP(C16,october2024,36,FALSE) -> 28.6 | E16: =VLOOKUP(C16,october2024,39,FALSE) -> 0 | F16: =VLOOKUP(C16,october2024,40,FALSE) -> 0 | G16: =IF(VALUE(I16)=0,"",VLOOKUP(C16,october2024,43,FALSE)-VLOOKUP(C16,october2024,39,FALSE)) | H16: =VLOOKUP(C16,october2024,41,FALSE)+VLOOKUP(C16,october2024,42,FALSE) -> 27.35 | I16: =VLOOKUP(C16,october2024,45,FALSE) -> 0 | J16: =VLOOKUP(C16,october2024,46,FALSE) -> 0 | K16: =IF(VALUE(M16)=0, "", VLOOKUP(C16, october2024, 49, FALSE) - VLOOKUP(C16, october2024, 45, FALSE)) | L16: =VLOOKUP(C16,october2024,47,FALSE) -> 31.71 | M16: =VLOOKUP(C16,october2024,51,FALSE) -> 0 | N16: =VLOOKUP(C16,october2024,49,FALSE) -> 0 | O16: =VLOOKUP(C16,october2024,34,FALSE) -> 49 | Q16: =VLOOKUP(C16,manday,35,FALSE) -> 28.6 | R16: =VLOOKUP(C16,manday,39,FALSE) -> 0 | S16: =IFERROR(Q16/R16,0) -> 0 | T16: =IF(VALUE(V16)=0,"",VLOOKUP(C16,manday,43,FALSE)-VLOOKUP(C16,manday,39,FALSE)-VLOOKUP(C16,manday,37,FALSE)+1) | U16: =VLOOKUP(C16,manday,41,FALSE) -> 27.35 | V16: =VLOOKUP(C16,manday,45,FALSE) -> 0 | W16: =IFERROR(U16/V16,0) -> 0 | X16: =IF(VALUE(Z16)=0, "", VLOOKUP(C16, manday, 49, FALSE) - VLOOKUP(C16, manday, 45, FALSE)) | Y16: =VLOOKUP(C16,manday,47,FALSE) -> 31.71 | Z16: =VLOOKUP(C16,manday,51,FALSE) -> 0 | AA16: =VLOOKUP(C16,manday,49,FALSE) -> 0 | AB16: =VLOOKUP(C16,manday,34,FALSE) -> 49
B17: 2012 | C17: 19 | D17: =VLOOKUP(C17,october2024,35,FALSE)+VLOOKUP(C17,october2024,36,FALSE) -> 28.85 | E17: =VLOOKUP(C17,october2024,39,FALSE) -> 0 | F17: =VLOOKUP(C17,october2024,40,FALSE) -> 0 | G17: =IF(VALUE(I17)=0,"",VLOOKUP(C17,october2024,43,FALSE)-VLOOKUP(C17,october2024,39,FALSE)) | H17: =VLOOKUP(C17,october2024,41,FALSE)+VLOOKUP(C17,october2024,42,FALSE) -> 35.46 | I17: =VLOOKUP(C17,october2024,45,FALSE) -> 0 | J17: =VLOOKUP(C17,october2024,46,FALSE) -> 0 | K17: =IF(VALUE(M17)=0, "", VLOOKUP(C17, october2024, 49, FALSE) - VLOOKUP(C17, october2024, 45, FALSE)) | L17: =VLOOKUP(C17,october2024,47,FALSE) -> 32.58 | M17: =VLOOKUP(C17,october2024,51,FALSE) -> 0 | N17: =VLOOKUP(C17,october2024,49,FALSE) -> 0 | O17: =VLOOKUP(C17,october2024,34,FALSE) -> 40 | Q17: =VLOOKUP(C17,manday,35,FALSE) -> 28.85 | R17: =VLOOKUP(C17,manday,39,FALSE) -> 0 | S17: =IFERROR(Q17/R17,0) -> 0 | T17: =IF(VALUE(V17)=0,"",VLOOKUP(C17,manday,43,FALSE)-VLOOKUP(C17,manday,39,FALSE)-VLOOKUP(C17,manday,37,FALSE)+1) | U17: =VLOOKUP(C17,manday,41,FALSE) -> 35.46 | V17: =VLOOKUP(C17,manday,45,FALSE) -> 0 | W17: =IFERROR(U17/V17,0) -> 0 | X17: =IF(VALUE(Z17)=0, "", VLOOKUP(C17, manday, 49, FALSE) - VLOOKUP(C17, manday, 45, FALSE)) | Y17: =VLOOKUP(C17,manday,47,FALSE) -> 32.58 | Z17: =VLOOKUP(C17,manday,51,FALSE) -> 0 | AA17: =VLOOKUP(C17,manday,49,FALSE) -> 0 | AB17: =VLOOKUP(C17,manday,34,FALSE) -> 40
B18: 2012 | C18: 20 | D18: =VLOOKUP(C18,october2024,35,FALSE)+VLOOKUP(C18,october2024,36,FALSE) -> 40.1 | E18: =VLOOKUP(C18,october2024,39,FALSE) -> 0 | F18: =VLOOKUP(C18,october2024,40,FALSE) -> 0 | G18: =IF(VALUE(I18)=0,"",VLOOKUP(C18,october2024,43,FALSE)-VLOOKUP(C18,october2024,39,FALSE)) | H18: =VLOOKUP(C18,october2024,41,FALSE)+VLOOKUP(C18,october2024,42,FALSE) -> 9.11 | I18: =VLOOKUP(C18,october2024,45,FALSE) -> 0 | J18: =VLOOKUP(C18,october2024,46,FALSE) -> 0 | K18: =IF(VALUE(M18)=0, "", VLOOKUP(C18, october2024, 49, FALSE) - VLOOKUP(C18, october2024, 45, FALSE)) | L18: =VLOOKUP(C18,october2024,47,FALSE) -> 0 | M18: =VLOOKUP(C18,october2024,51,FALSE) -> 0 | N18: =VLOOKUP(C18,october2024,49,FALSE) -> 0 | O18: =VLOOKUP(C18,october2024,34,FALSE) -> 50 | Q18: =VLOOKUP(C18,manday,35,FALSE) -> 40.1 | R18: =VLOOKUP(C18,manday,39,FALSE) -> 0 | S18: =IFERROR(Q18/R18,0) -> 0 | T18: =IF(VALUE(V18)=0,"",VLOOKUP(C18,manday,43,FALSE)-VLOOKUP(C18,manday,39,FALSE)-VLOOKUP(C18,manday,37,FALSE)+1) | U18: =VLOOKUP(C18,manday,41,FALSE) -> 9.11 | V18: =VLOOKUP(C18,manday,45,FALSE) -> 0 | W18: =IFERROR(U18/V18,0) -> 0 | X18: =IF(VALUE(Z18)=0, "", VLOOKUP(C18, manday, 49, FALSE) - VLOOKUP(C18, manday, 45, FALSE)) | Y18: =VLOOKUP(C18,manday,47,FALSE) -> 0 | Z18: =VLOOKUP(C18,manday,51,FALSE) -> 0 | AA18: =VLOOKUP(C18,manday,49,FALSE) -> 0 | AB18: =VLOOKUP(C18,manday,34,FALSE) -> 50
B19: 2012 | C19: 21 | D19: =VLOOKUP(C19,october2024,35,FALSE)+VLOOKUP(C19,october2024,36,FALSE) -> 47.96 | E19: =VLOOKUP(C19,october2024,39,FALSE) -> 0 | F19: =VLOOKUP(C19,october2024,40,FALSE) -> 0 | G19: =IF(VALUE(I19)=0,"",VLOOKUP(C19,october2024,43,FALSE)-VLOOKUP(C19,october2024,39,FALSE)) | H19: =VLOOKUP(C19,october2024,41,FALSE)+VLOOKUP(C19,october2024,42,FALSE) -> 21.04 | I19: =VLOOKUP(C19,october2024,45,FALSE) -> 0 | J19: =VLOOKUP(C19,october2024,46,FALSE) -> 0 | K19: =IF(VALUE(M19)=0, "", VLOOKUP(C19, october2024, 49, FALSE) - VLOOKUP(C19, october2024, 45, FALSE)) | L19: =VLOOKUP(C19,october2024,47,FALSE) -> 0 | M19: =VLOOKUP(C19,october2024,51,FALSE) -> 0 | N19: =VLOOKUP(C19,october2024,49,FALSE) -> 0 | O19: =VLOOKUP(C19,october2024,34,FALSE) -> 71 | Q19: =VLOOKUP(C19,manday,35,FALSE) -> 47.96 | R19: =VLOOKUP(C19,manday,39,FALSE) -> 0 | S19: =IFERROR(Q19/R19,0) -> 0 | T19: =IF(VALUE(V19)=0,"",VLOOKUP(C19,manday,43,FALSE)-VLOOKUP(C19,manday,39,FALSE)-VLOOKUP(C19,manday,37,FALSE)+1) | U19: =VLOOKUP(C19,manday,41,FALSE) -> 21.04 | V19: =VLOOKUP(C19,manday,45,FALSE) -> 0 | W19: =IFERROR(U19/V19,0) -> 0 | X19: =IF(VALUE(Z19)=0, "", VLOOKUP(C19, manday, 49, FALSE) - VLOOKUP(C19, manday, 45, FALSE)) | Y19: =VLOOKUP(C19,manday,47,FALSE) -> 0 | Z19: =VLOOKUP(C19,manday,51,FALSE) -> 0 | AA19: =VLOOKUP(C19,manday,49,FALSE) -> 0 | AB19: =VLOOKUP(C19,manday,34,FALSE) -> 71
B20: 2012 | C20: 22 | D20: =VLOOKUP(C20,october2024,35,FALSE)+VLOOKUP(C20,october2024,36,FALSE) -> 46.57 | E20: =VLOOKUP(C20,october2024,39,FALSE) -> 0 | F20: =VLOOKUP(C20,october2024,40,FALSE) -> 0 | G20: =IF(VALUE(I20)=0,"",VLOOKUP(C20,october2024,43,FALSE)-VLOOKUP(C20,october2024,39,FALSE)) | H20: =VLOOKUP(C20,october2024,41,FALSE)+VLOOKUP(C20,october2024,42,FALSE) -> 49.48 | I20: =VLOOKUP(C20,october2024,45,FALSE) -> 0 | J20: =VLOOKUP(C20,october2024,46,FALSE) -> 0 | K20: =IF(VALUE(M20)=0, "", VLOOKUP(C20, october2024, 49, FALSE) - VLOOKUP(C20, october2024, 45, FALSE)) | L20: =VLOOKUP(C20,october2024,47,FALSE) -> 0 | M20: =VLOOKUP(C20,october2024,51,FALSE) -> 0 | N20: =VLOOKUP(C20,october2024,49,FALSE) -> 0 | O20: =VLOOKUP(C20,october2024,34,FALSE) -> 54 | Q20: =VLOOKUP(C20,manday,35,FALSE) -> 46.57 | R20: =VLOOKUP(C20,manday,39,FALSE) -> 0 | S20: =IFERROR(Q20/R20,0) -> 0 | T20: =IF(VALUE(V20)=0,"",VLOOKUP(C20,manday,43,FALSE)-VLOOKUP(C20,manday,39,FALSE)-VLOOKUP(C20,manday,37,FALSE)+1) | U20: =VLOOKUP(C20,manday,41,FALSE) -> 49.48 | V20: =VLOOKUP(C20,manday,45,FALSE) -> 0 | W20: =IFERROR(U20/V20,0) -> 0 | X20: =IF(VALUE(Z20)=0, "", VLOOKUP(C20, manday, 49, FALSE) - VLOOKUP(C20, manday, 45, FALSE)) | Y20: =VLOOKUP(C20,manday,47,FALSE) -> 0 | Z20: =VLOOKUP(C20,manday,51,FALSE) -> 0 | AA20: =VLOOKUP(C20,manday,49,FALSE) -> 0 | AB20: =VLOOKUP(C20,manday,34,FALSE) -> 54
A21: NU AZANI | B21: 2010 | C21: 8 | D21: =VLOOKUP(C21,october2024,35,FALSE)+VLOOKUP(C21,october2024,36,FALSE) -> 29.38 | E21: =VLOOKUP(C21,october2024,39,FALSE) -> 0 | F21: =VLOOKUP(C21,october2024,40,FALSE) -> 0 | G21: =IF(VALUE(I21)=0,"",VLOOKUP(C21,october2024,43,FALSE)-VLOOKUP(C21,october2024,39,FALSE)) | H21: =VLOOKUP(C21,october2024,41,FALSE)+VLOOKUP(C21,october2024,42,FALSE) -> 22.62 | I21: =VLOOKUP(C21,october2024,45,FALSE) -> 0 | J21: =VLOOKUP(C21,october2024,46,FALSE) -> 0 | K21: =IF(VALUE(M21)=0, "", VLOOKUP(C21, october2024, 49, FALSE) - VLOOKUP(C21, october2024, 45, FALSE)) | L21: =VLOOKUP(C21,october2024,47,FALSE) -> 0 | M21: =VLOOKUP(C21,october2024,51,FALSE) -> 0 | N21: =VLOOKUP(C21,october2024,49,FALSE) -> 0 | O21: =VLOOKUP(C21,october2024,34,FALSE) -> 44 | Q21: =VLOOKUP(C21,manday,35,FALSE) -> 29.38 | R21: =VLOOKUP(C21,manday,39,FALSE) -> 0 | S21: =IFERROR(Q21/R21,0) -> 0 | T21: =IF(VALUE(V21)=0,"",VLOOKUP(C21,manday,43,FALSE)-VLOOKUP(C21,manday,39,FALSE)-VLOOKUP(C21,manday,37,FALSE)+1) | U21: =VLOOKUP(C21,manday,41,FALSE) -> 22.62 | V21: =VLOOKUP(C21,manday,45,FALSE) -> 0 | W21: =IFERROR(U21/V21,0) -> 0 | X21: =IF(VALUE(Z21)=0, "", VLOOKUP(C21, manday, 49, FALSE) - VLOOKUP(C21, manday, 45, FALSE)) | Y21: =VLOOKUP(C21,manday,47,FALSE) -> 0 | Z21: =VLOOKUP(C21,manday,51,FALSE) -> 0 | AA21: =VLOOKUP(C21,manday,49,FALSE) -> 0 | AB21: =VLOOKUP(C21,manday,34,FALSE) -> 44
B22: 2010 | C22: 9 | D22: =VLOOKUP(C22,october2024,35,FALSE)+VLOOKUP(C22,october2024,36,FALSE) -> 7.25 | E22: =VLOOKUP(C22,october2024,39,FALSE) -> 0 | F22: =VLOOKUP(C22,october2024,40,FALSE) -> 0 | G22: =IF(VALUE(I22)=0,"",VLOOKUP(C22,october2024,43,FALSE)-VLOOKUP(C22,october2024,39,FALSE)) | H22: =VLOOKUP(C22,october2024,41,FALSE)+VLOOKUP(C22,october2024,42,FALSE) -> 29.27 | I22: =VLOOKUP(C22,october2024,45,FALSE) -> 0 | J22: =VLOOKUP(C22,october2024,46,FALSE) -> 0 | K22: =IF(VALUE(M22)=0, "", VLOOKUP(C22, october2024, 49, FALSE) - VLOOKUP(C22, october2024, 45, FALSE)) | L22: =VLOOKUP(C22,october2024,47,FALSE) -> 31.16 | M22: =VLOOKUP(C22,october2024,51,FALSE) -> 0 | N22: =VLOOKUP(C22,october2024,49,FALSE) -> 0 | O22: =VLOOKUP(C22,october2024,34,FALSE) -> 40 | Q22: =VLOOKUP(C22,manday,35,FALSE) -> 7.25 | R22: =VLOOKUP(C22,manday,39,FALSE) -> 0 | S22: =IFERROR(Q22/R22,0) -> 0 | T22: =IF(VALUE(V22)=0,"",VLOOKUP(C22,manday,43,FALSE)-VLOOKUP(C22,manday,39,FALSE)-VLOOKUP(C22,manday,37,FALSE)+1) | U22: =VLOOKUP(C22,manday,41,FALSE) -> 29.27 | V22: =VLOOKUP(C22,manday,45,FALSE) -> 0 | W22: =IFERROR(U22/V22,0) -> 0 | X22: =IF(VALUE(Z22)=0, "", VLOOKUP(C22, manday, 49, FALSE) - VLOOKUP(C22, manday, 45, FALSE)) | Y22: =VLOOKUP(C22,manday,47,FALSE) -> 31.16 | Z22: =VLOOKUP(C22,manday,51,FALSE) -> 0 | AA22: =VLOOKUP(C22,manday,49,FALSE) -> 0 | AB22: =VLOOKUP(C22,manday,34,FALSE) -> 40
B23: 2010 | C23: 12 | D23: =VLOOKUP(C23,october2024,35,FALSE)+VLOOKUP(C23,october2024,36,FALSE) -> 14.74 | E23: =VLOOKUP(C23,october2024,39,FALSE) -> 0 | F23: =VLOOKUP(C23,october2024,40,FALSE) -> 0 | G23: =IF(VALUE(I23)=0,"",VLOOKUP(C23,october2024,43,FALSE)-VLOOKUP(C23,october2024,39,FALSE)) | H23: =VLOOKUP(C23,october2024,41,FALSE)+VLOOKUP(C23,october2024,42,FALSE) -> 14.57 | I23: =VLOOKUP(C23,october2024,45,FALSE) -> 0 | J23: =VLOOKUP(C23,october2024,46,FALSE) -> 0 | K23: =IF(VALUE(M23)=0, "", VLOOKUP(C23, october2024, 49, FALSE) - VLOOKUP(C23, october2024, 45, FALSE)) | L23: =VLOOKUP(C23,october2024,47,FALSE) -> 0 | M23: =VLOOKUP(C23,october2024,51,FALSE) -> 0 | N23: =VLOOKUP(C23,october2024,49,FALSE) -> 0 | O23: =VLOOKUP(C23,october2024,34,FALSE) -> 64 | Q23: =VLOOKUP(C23,manday,35,FALSE) -> 14.74 | R23: =VLOOKUP(C23,manday,39,FALSE) -> 0 | S23: =IFERROR(Q23/R23,0) -> 0 | T23: =IF(VALUE(V23)=0,"",VLOOKUP(C23,manday,43,FALSE)-VLOOKUP(C23,manday,39,FALSE)-VLOOKUP(C23,manday,37,FALSE)+1) | U23: =VLOOKUP(C23,manday,41,FALSE) -> 14.57 | V23: =VLOOKUP(C23,manday,45,FALSE) -> 0 | W23: =IFERROR(U23/V23,0) -> 0 | X23: =IF(VALUE(Z23)=0, "", VLOOKUP(C23, manday, 49, FALSE) - VLOOKUP(C23, manday, 45, FALSE)) | Y23: =VLOOKUP(C23,manday,47,FALSE) -> 0 | Z23: =VLOOKUP(C23,manday,51,FALSE) -> 0 | AA23: =VLOOKUP(C23,manday,49,FALSE) -> 0 | AB23: =VLOOKUP(C23,manday,34,FALSE) -> 64
B24: 2011 | C24: 10 | D24: =VLOOKUP(C24,october2024,35,FALSE)+VLOOKUP(C24,october2024,36,FALSE) -> 61.18 | E24: =VLOOKUP(C24,october2024,39,FALSE) -> 0 | F24: =VLOOKUP(C24,october2024,40,FALSE) -> 0 | G24: =IF(VALUE(I24)=0,"",VLOOKUP(C24,october2024,43,FALSE)-VLOOKUP(C24,october2024,39,FALSE)) | H24: =VLOOKUP(C24,october2024,41,FALSE)+VLOOKUP(C24,october2024,42,FALSE) -> 61.97 | I24: =VLOOKUP(C24,october2024,45,FALSE) -> 0 | J24: =VLOOKUP(C24,october2024,46,FALSE) -> 0 | K24: =IF(VALUE(M24)=0, "", VLOOKUP(C24, october2024, 49, FALSE) - VLOOKUP(C24, october2024, 45, FALSE)) | L24: =VLOOKUP(C24,october2024,47,FALSE) -> 0 | M24: =VLOOKUP(C24,october2024,51,FALSE) -> 0 | N24: =VLOOKUP(C24,october2024,49,FALSE) -> 0 | O24: =VLOOKUP(C24,october2024,34,FALSE) -> 13 | Q24: =VLOOKUP(C24,manday,35,FALSE) -> 61.18 | R24: =VLOOKUP(C24,manday,39,FALSE) -> 0 | S24: =IFERROR(Q24/R24,0) -> 0 | T24: =IF(VALUE(V24)=0,"",VLOOKUP(C24,manday,43,FALSE)-VLOOKUP(C24,manday,39,FALSE)-VLOOKUP(C24,manday,37,FALSE)+1) | U24: =VLOOKUP(C24,manday,41,FALSE) -> 61.97 | V24: =VLOOKUP(C24,manday,45,FALSE) -> 0 | W24: =IFERROR(U24/V24,0) -> 0 | X24: =IF(VALUE(Z24)=0, "", VLOOKUP(C24, manday, 49, FALSE) - VLOOKUP(C24, manday, 45, FALSE)) | Y24: =VLOOKUP(C24,manday,47,FALSE) -> 0 | Z24: =VLOOKUP(C24,manday,51,FALSE) -> 0 | AA24: =VLOOKUP(C24,manday,49,FALSE) -> 0 | AB24: =VLOOKUP(C24,manday,34,FALSE) -> 13
B25: 2011 | C25: 13 | D25: =VLOOKUP(C25,october2024,35,FALSE)+VLOOKUP(C25,october2024,36,FALSE) -> 27.91 | E25: =VLOOKUP(C25,october2024,39,FALSE) -> 0 | F25: =VLOOKUP(C25,october2024,40,FALSE) -> 0 | G25: =IF(VALUE(I25)=0,"",VLOOKUP(C25,october2024,43,FALSE)-VLOOKUP(C25,october2024,39,FALSE)) | H25: =VLOOKUP(C25,october2024,41,FALSE)+VLOOKUP(C25,october2024,42,FALSE) -> 34.54 | I25: =VLOOKUP(C25,october2024,45,FALSE) -> 0 | J25: =VLOOKUP(C25,october2024,46,FALSE) -> 0 | K25: =IF(VALUE(M25)=0, "", VLOOKUP(C25, october2024, 49, FALSE) - VLOOKUP(C25, october2024, 45, FALSE)) | L25: =VLOOKUP(C25,october2024,47,FALSE) -> 0 | M25: =VLOOKUP(C25,october2024,51,FALSE) -> 0 | N25: =VLOOKUP(C25,october2024,49,FALSE) -> 0 | O25: =VLOOKUP(C25,october2024,34,FALSE) -> 53 | Q25: =VLOOKUP(C25,manday,35,FALSE) -> 27.91 | R25: =VLOOKUP(C25,manday,39,FALSE) -> 0 | S25: =IFERROR(Q25/R25,0) -> 0 | T25: =IF(VALUE(V25)=0,"",VLOOKUP(C25,manday,43,FALSE)-VLOOKUP(C25,manday,39,FALSE)-VLOOKUP(C25,manday,37,FALSE)+1) | U25: =VLOOKUP(C25,manday,41,FALSE) -> 34.54 | V25: =VLOOKUP(C25,manday,45,FALSE) -> 0 | W25: =IFERROR(U25/V25,0) -> 0 | X25: =IF(VALUE(Z25)=0, "", VLOOKUP(C25, manday, 49, FALSE) - VLOOKUP(C25, manday, 45, FALSE)) | Y25: =VLOOKUP(C25,manday,47,FALSE) -> 0 | Z25: =VLOOKUP(C25,manday,51,FALSE) -> 0 | AA25: =VLOOKUP(C25,manday,49,FALSE) -> 0 | AB25: =VLOOKUP(C25,manday,34,FALSE) -> 53
B26: 2011 | C26: 18 | D26: =VLOOKUP(C26,october2024,35,FALSE)+VLOOKUP(C26,october2024,36,FALSE) -> 58.8 | E26: =VLOOKUP(C26,october2024,39,FALSE) -> 0 | F26: =VLOOKUP(C26,october2024,40,FALSE) -> 0 | G26: =IF(VALUE(I26)=0,"",VLOOKUP(C26,october2024,43,FALSE)-VLOOKUP(C26,october2024,39,FALSE)) | H26: =VLOOKUP(C26,october2024,41,FALSE)+VLOOKUP(C26,october2024,42,FALSE) -> 39.67 | I26: =VLOOKUP(C26,october2024,45,FALSE) -> 0 | J26: =VLOOKUP(C26,october2024,46,FALSE) -> 0 | K26: =IF(VALUE(M26)=0, "", VLOOKUP(C26, october2024, 49, FALSE) - VLOOKUP(C26, october2024, 45, FALSE)) | L26: =VLOOKUP(C26,october2024,47,FALSE) -> 0 | M26: =VLOOKUP(C26,october2024,51,FALSE) -> 0 | N26: =VLOOKUP(C26,october2024,49,FALSE) -> 0 | O26: =VLOOKUP(C26,october2024,34,FALSE) -> 35 | Q26: =VLOOKUP(C26,manday,35,FALSE) -> 58.8 | R26: =VLOOKUP(C26,manday,39,FALSE) -> 0 | S26: =IFERROR(Q26/R26,0) -> 0 | T26: =IF(VALUE(V26)=0,"",VLOOKUP(C26,manday,43,FALSE)-VLOOKUP(C26,manday,39,FALSE)-VLOOKUP(C26,manday,37,FALSE)+1) | U26: =VLOOKUP(C26,manday,41,FALSE) -> 39.67 | V26: =VLOOKUP(C26,manday,45,FALSE) -> 0 | W26: =IFERROR(U26/V26,0) -> 0 | X26: =IF(VALUE(Z26)=0, "", VLOOKUP(C26, manday, 49, FALSE) - VLOOKUP(C26, manday, 45, FALSE)) | Y26: =VLOOKUP(C26,manday,47,FALSE) -> 0 | Z26: =VLOOKUP(C26,manday,51,FALSE) -> 0 | AA26: =VLOOKUP(C26,manday,49,FALSE) -> 0 | AB26: =VLOOKUP(C26,manday,34,FALSE) -> 35
A27: WENDELINUS | B27: 2015 | C27: 25 | D27: =VLOOKUP(C27,october2024,35,FALSE)+VLOOKUP(C27,october2024,36,FALSE) -> 28.76 | E27: =VLOOKUP(C27,october2024,39,FALSE) -> 0 | F27: =VLOOKUP(C27,october2024,40,FALSE) -> 0 | G27: =IF(VALUE(I27)=0,"",VLOOKUP(C27,october2024,43,FALSE)-VLOOKUP(C27,october2024,39,FALSE)) | H27: =VLOOKUP(C27,october2024,41,FALSE)+VLOOKUP(C27,october2024,42,FALSE) -> 42.98 | I27: =VLOOKUP(C27,october2024,45,FALSE) -> 0 | J27: =VLOOKUP(C27,october2024,46,FALSE) -> 0 | K27: =IF(VALUE(M27)=0, "", VLOOKUP(C27, october2024, 49, FALSE) - VLOOKUP(C27, october2024, 45, FALSE)) | L27: =VLOOKUP(C27,october2024,47,FALSE) -> 8.58 | M27: =VLOOKUP(C27,october2024,51,FALSE) -> 0 | N27: =VLOOKUP(C27,october2024,49,FALSE) -> 0 | O27: =VLOOKUP(C27,october2024,34,FALSE) -> 25 | Q27: =VLOOKUP(C27,manday,35,FALSE) -> 28.76 | R27: =VLOOKUP(C27,manday,39,FALSE) -> 0 | S27: =IFERROR(Q27/R27,0) -> 0 | T27: =IF(VALUE(V27)=0,"",VLOOKUP(C27,manday,43,FALSE)-VLOOKUP(C27,manday,39,FALSE)-VLOOKUP(C27,manday,37,FALSE)+1) | U27: =VLOOKUP(C27,manday,41,FALSE) -> 42.98 | V27: =VLOOKUP(C27,manday,45,FALSE) -> 0 | W27: =IFERROR(U27/V27,0) -> 0 | X27: =IF(VALUE(Z27)=0, "", VLOOKUP(C27, manday, 49, FALSE) - VLOOKUP(C27, manday, 45, FALSE)) | Y27: =VLOOKUP(C27,manday,47,FALSE) -> 8.58 | Z27: =VLOOKUP(C27,manday,51,FALSE) -> 0 | AA27: =VLOOKUP(C27,manday,49,FALSE) -> 0 | AB27: =VLOOKUP(C27,manday,34,FALSE) -> 25
B28: 2015 | C28: 26A | D28: =VLOOKUP(C28,october2024,35,FALSE)+VLOOKUP(C28,october2024,36,FALSE) -> 45.2 | E28: =VLOOKUP(C28,october2024,39,FALSE) -> 0 | F28: =VLOOKUP(C28,october2024,40,FALSE) -> 0 | G28: =IF(VALUE(I28)=0,"",VLOOKUP(C28,october2024,43,FALSE)-VLOOKUP(C28,october2024,39,FALSE)) | H28: =VLOOKUP(C28,october2024,41,FALSE)+VLOOKUP(C28,october2024,42,FALSE) -> 32.75 | I28: =VLOOKUP(C28,october2024,45,FALSE) -> 0 | J28: =VLOOKUP(C28,october2024,46,FALSE) -> 0 | K28: =IF(VALUE(M28)=0, "", VLOOKUP(C28, october2024, 49, FALSE) - VLOOKUP(C28, october2024, 45, FALSE)) | L28: =VLOOKUP(C28,october2024,47,FALSE) -> 24.38 | M28: =VLOOKUP(C28,october2024,51,FALSE) -> 0 | N28: =VLOOKUP(C28,october2024,49,FALSE) -> 0 | O28: =VLOOKUP(C28,october2024,34,FALSE) -> 21 | Q28: =VLOOKUP(C28,manday,35,FALSE) -> 45.2 | R28: =VLOOKUP(C28,manday,39,FALSE) -> 0 | S28: =IFERROR(Q28/R28,0) -> 0 | T28: =IF(VALUE(V28)=0,"",VLOOKUP(C28,manday,43,FALSE)-VLOOKUP(C28,manday,39,FALSE)-VLOOKUP(C28,manday,37,FALSE)+1) | U28: =VLOOKUP(C28,manday,41,FALSE) -> 32.75 | V28: =VLOOKUP(C28,manday,45,FALSE) -> 0 | W28: =IFERROR(U28/V28,0) -> 0 | X28: =IF(VALUE(Z28)=0, "", VLOOKUP(C28, manday, 49, FALSE) - VLOOKUP(C28, manday, 45, FALSE)) | Y28: =VLOOKUP(C28,manday,47,FALSE) -> 24.38 | Z28: =VLOOKUP(C28,manday,51,FALSE) -> 0 | AA28: =VLOOKUP(C28,manday,49,FALSE) -> 0 | AB28: =VLOOKUP(C28,manday,34,FALSE) -> 21
B29: 2015 | C29: 27 | D29: =VLOOKUP(C29,october2024,35,FALSE)+VLOOKUP(C29,october2024,36,FALSE) -> 1.19 | E29: =VLOOKUP(C29,october2024,39,FALSE) -> 0 | F29: =VLOOKUP(C29,october2024,40,FALSE) -> 0 | G29: =IF(VALUE(I29)=0,"",VLOOKUP(C29,october2024,43,FALSE)-VLOOKUP(C29,october2024,39,FALSE)) | H29: =VLOOKUP(C29,october2024,41,FALSE)+VLOOKUP(C29,october2024,42,FALSE) -> 2.02 | I29: =VLOOKUP(C29,october2024,45,FALSE) -> 0 | J29: =VLOOKUP(C29,october2024,46,FALSE) -> 0 | K29: =IF(VALUE(M29)=0, "", VLOOKUP(C29, october2024, 49, FALSE) - VLOOKUP(C29, october2024, 45, FALSE)) | L29: =VLOOKUP(C29,october2024,47,FALSE) -> 0 | M29: =VLOOKUP(C29,october2024,51,FALSE) -> 0 | N29: =VLOOKUP(C29,october2024,49,FALSE) -> 0 | O29: =VLOOKUP(C29,october2024,34,FALSE) -> 22 | Q29: =VLOOKUP(C29,manday,35,FALSE) -> 1.19 | R29: =VLOOKUP(C29,manday,39,FALSE) -> 0 | S29: =IFERROR(Q29/R29,0) -> 0 | T29: =IF(VALUE(V29)=0,"",VLOOKUP(C29,manday,43,FALSE)-VLOOKUP(C29,manday,39,FALSE)-VLOOKUP(C29,manday,37,FALSE)+1) | U29: =VLOOKUP(C29,manday,41,FALSE) -> 2.02 | V29: =VLOOKUP(C29,manday,45,FALSE) -> 0 | W29: =IFERROR(U29/V29,0) -> 0 | X29: =IF(VALUE(Z29)=0, "", VLOOKUP(C29, manday, 49, FALSE) - VLOOKUP(C29, manday, 45, FALSE)) | Y29: =VLOOKUP(C29,manday,47,FALSE) -> 0 | Z29: =VLOOKUP(C29,manday,51,FALSE) -> 0 | AA29: =VLOOKUP(C29,manday,49,FALSE) -> 0 | AB29: =VLOOKUP(C29,manday,34,FALSE) -> 22
B30: 2015 | C30: 28 | D30: =VLOOKUP(C30,october2024,35,FALSE)+VLOOKUP(C30,october2024,36,FALSE) -> 20.59 | E30: =VLOOKUP(C30,october2024,39,FALSE) -> 0 | F30: =VLOOKUP(C30,october2024,40,FALSE) -> 0 | G30: =IF(VALUE(I30)=0,"",VLOOKUP(C30,october2024,43,FALSE)-VLOOKUP(C30,october2024,39,FALSE)) | H30: =VLOOKUP(C30,october2024,41,FALSE)+VLOOKUP(C30,october2024,42,FALSE) -> 10.2 | I30: =VLOOKUP(C30,october2024,45,FALSE) -> 0 | J30: =VLOOKUP(C30,october2024,46,FALSE) -> 0 | K30: =IF(VALUE(M30)=0, "", VLOOKUP(C30, october2024, 49, FALSE) - VLOOKUP(C30, october2024, 45, FALSE)) | L30: =VLOOKUP(C30,october2024,47,FALSE) -> 0 | M30: =VLOOKUP(C30,october2024,51,FALSE) -> 0 | N30: =VLOOKUP(C30,october2024,49,FALSE) -> 0 | O30: =VLOOKUP(C30,october2024,34,FALSE) -> 28 | Q30: =VLOOKUP(C30,manday,35,FALSE) -> 20.59 | R30: =VLOOKUP(C30,manday,39,FALSE) -> 0 | S30: =IFERROR(Q30/R30,0) -> 0 | T30: =IF(VALUE(V30)=0,"",VLOOKUP(C30,manday,43,FALSE)-VLOOKUP(C30,manday,39,FALSE)-VLOOKUP(C30,manday,37,FALSE)+1) | U30: =VLOOKUP(C30,manday,41,FALSE) -> 10.2 | V30: =VLOOKUP(C30,manday,45,FALSE) -> 0 | W30: =IFERROR(U30/V30,0) -> 0 | X30: =IF(VALUE(Z30)=0, "", VLOOKUP(C30, manday, 49, FALSE) - VLOOKUP(C30, manday, 45, FALSE)) | Y30: =VLOOKUP(C30,manday,47,FALSE) -> 0 | Z30: =VLOOKUP(C30,manday,51,FALSE) -> 0 | AA30: =VLOOKUP(C30,manday,49,FALSE) -> 0 | AB30: =VLOOKUP(C30,manday,34,FALSE) -> 28
B31: 2015 | C31: 30 | D31: =VLOOKUP(C31,october2024,35,FALSE)+VLOOKUP(C31,october2024,36,FALSE) -> 8.54 | E31: =VLOOKUP(C31,october2024,39,FALSE) -> 0 | F31: =VLOOKUP(C31,october2024,40,FALSE) -> 0 | G31: =IF(VALUE(I31)=0,"",VLOOKUP(C31,october2024,43,FALSE)-VLOOKUP(C31,october2024,39,FALSE)) | H31: =VLOOKUP(C31,october2024,41,FALSE)+VLOOKUP(C31,october2024,42,FALSE) -> 11.07 | I31: =VLOOKUP(C31,october2024,45,FALSE) -> 0 | J31: =VLOOKUP(C31,october2024,46,FALSE) -> 0 | K31: =IF(VALUE(M31)=0, "", VLOOKUP(C31, october2024, 49, FALSE) - VLOOKUP(C31, october2024, 45, FALSE)) | L31: =VLOOKUP(C31,october2024,47,FALSE) -> 0 | M31: =VLOOKUP(C31,october2024,51,FALSE) -> 0 | N31: =VLOOKUP(C31,october2024,49,FALSE) -> 0 | O31: =VLOOKUP(C31,october2024,34,FALSE) -> 21 | Q31: =VLOOKUP(C31,manday,35,FALSE) -> 8.54 | R31: =VLOOKUP(C31,manday,39,FALSE) -> 0 | S31: =IFERROR(Q31/R31,0) -> 0 | T31: =IF(VALUE(V31)=0,"",VLOOKUP(C31,manday,43,FALSE)-VLOOKUP(C31,manday,39,FALSE)-VLOOKUP(C31,manday,37,FALSE)+1) | U31: =VLOOKUP(C31,manday,41,FALSE) -> 11.07 | V31: =VLOOKUP(C31,manday,45,FALSE) -> 0 | W31: =IFERROR(U31/V31,0) -> 0 | X31: =IF(VALUE(Z31)=0, "", VLOOKUP(C31, manday, 49, FALSE) - VLOOKUP(C31, manday, 45, FALSE)) | Y31: =VLOOKUP(C31,manday,47,FALSE) -> 0 | Z31: =VLOOKUP(C31,manday,51,FALSE) -> 0 | AA31: =VLOOKUP(C31,manday,49,FALSE) -> 0 | AB31: =VLOOKUP(C31,manday,34,FALSE) -> 21
B32: 2015 | C32: 31 | D32: =VLOOKUP(C32,october2024,35,FALSE)+VLOOKUP(C32,october2024,36,FALSE) -> 6.36 | E32: =VLOOKUP(C32,october2024,39,FALSE) -> 0 | F32: =VLOOKUP(C32,october2024,40,FALSE) -> 0 | G32: =IF(VALUE(I32)=0,"",VLOOKUP(C32,october2024,43,FALSE)-VLOOKUP(C32,october2024,39,FALSE)) | H32: =VLOOKUP(C32,october2024,41,FALSE)+VLOOKUP(C32,october2024,42,FALSE) -> 7.39 | I32: =VLOOKUP(C32,october2024,45,FALSE) -> 0 | J32: =VLOOKUP(C32,october2024,46,FALSE) -> 0 | K32: =IF(VALUE(M32)=0, "", VLOOKUP(C32, october2024, 49, FALSE) - VLOOKUP(C32, october2024, 45, FALSE)) | L32: =VLOOKUP(C32,october2024,47,FALSE) -> 0 | M32: =VLOOKUP(C32,october2024,51,FALSE) -> 0 | N32: =VLOOKUP(C32,october2024,49,FALSE) -> 0 | O32: =VLOOKUP(C32,october2024,34,FALSE) -> 26 | Q32: =VLOOKUP(C32,manday,35,FALSE) -> 6.36 | R32: =VLOOKUP(C32,manday,39,FALSE) -> 0 | S32: =IFERROR(Q32/R32,0) -> 0 | T32: =IF(VALUE(V32)=0,"",VLOOKUP(C32,manday,43,FALSE)-VLOOKUP(C32,manday,39,FALSE)-VLOOKUP(C32,manday,37,FALSE)+1) | U32: =VLOOKUP(C32,manday,41,FALSE) -> 7.39 | V32: =VLOOKUP(C32,manday,45,FALSE) -> 0 | W32: =IFERROR(U32/V32,0) -> 0 | X32: =IF(VALUE(Z32)=0, "", VLOOKUP(C32, manday, 49, FALSE) - VLOOKUP(C32, manday, 45, FALSE)) | Y32: =VLOOKUP(C32,manday,47,FALSE) -> 0 | Z32: =VLOOKUP(C32,manday,51,FALSE) -> 0 | AA32: =VLOOKUP(C32,manday,49,FALSE) -> 0 | AB32: =VLOOKUP(C32,manday,34,FALSE) -> 26
B33: 2016 | C33: 33 | D33: =VLOOKUP(C33,october2024,35,FALSE)+VLOOKUP(C33,october2024,36,FALSE) -> 4.58 | E33: =VLOOKUP(C33,october2024,39,FALSE) -> 0 | F33: =VLOOKUP(C33,october2024,40,FALSE) -> 0 | G33: =IF(VALUE(I33)=0,"",VLOOKUP(C33,october2024,43,FALSE)-VLOOKUP(C33,october2024,39,FALSE)) | H33: =VLOOKUP(C33,october2024,41,FALSE)+VLOOKUP(C33,october2024,42,FALSE) -> 4.53 | I33: =VLOOKUP(C33,october2024,45,FALSE) -> 0 | J33: =VLOOKUP(C33,october2024,46,FALSE) -> 0 | K33: =IF(VALUE(M33)=0, "", VLOOKUP(C33, october2024, 49, FALSE) - VLOOKUP(C33, october2024, 45, FALSE)) | L33: =VLOOKUP(C33,october2024,47,FALSE) -> 0 | M33: =VLOOKUP(C33,october2024,51,FALSE) -> 0 | N33: =VLOOKUP(C33,october2024,49,FALSE) -> 0 | O33: =VLOOKUP(C33,october2024,34,FALSE) -> 35 | Q33: =VLOOKUP(C33,manday,35,FALSE) -> 4.58 | R33: =VLOOKUP(C33,manday,39,FALSE) -> 0 | S33: =IFERROR(Q33/R33,0) -> 0 | T33: =IF(VALUE(V33)=0,"",VLOOKUP(C33,manday,43,FALSE)-VLOOKUP(C33,manday,39,FALSE)-VLOOKUP(C33,manday,37,FALSE)+1) | U33: =VLOOKUP(C33,manday,41,FALSE) -> 4.53 | V33: =VLOOKUP(C33,manday,45,FALSE) -> 0 | W33: =IFERROR(U33/V33,0) -> 0 | X33: =IF(VALUE(Z33)=0, "", VLOOKUP(C33, manday, 49, FALSE) - VLOOKUP(C33, manday, 45, FALSE)) | Y33: =VLOOKUP(C33,manday,47,FALSE) -> 0 | Z33: =VLOOKUP(C33,manday,51,FALSE) -> 0 | AA33: =VLOOKUP(C33,manday,49,FALSE) -> 0 | AB33: =VLOOKUP(C33,manday,34,FALSE) -> 35
B34: 2016 | C34: 39 | D34: =VLOOKUP(C34,october2024,35,FALSE)+VLOOKUP(C34,october2024,36,FALSE) -> 7.88 | E34: =VLOOKUP(C34,october2024,39,FALSE) -> 0 | F34: =VLOOKUP(C34,october2024,40,FALSE) -> 0 | G34: =IF(VALUE(I34)=0,"",VLOOKUP(C34,october2024,43,FALSE)-VLOOKUP(C34,october2024,39,FALSE)) | H34: =VLOOKUP(C34,october2024,41,FALSE)+VLOOKUP(C34,october2024,42,FALSE) -> 14.17 | I34: =VLOOKUP(C34,october2024,45,FALSE) -> 0 | J34: =VLOOKUP(C34,october2024,46,FALSE) -> 0 | K34: =IF(VALUE(M34)=0, "", VLOOKUP(C34, october2024, 49, FALSE) - VLOOKUP(C34, october2024, 45, FALSE)) | L34: =VLOOKUP(C34,october2024,47,FALSE) -> 0 | M34: =VLOOKUP(C34,october2024,51,FALSE) -> 0 | N34: =VLOOKUP(C34,october2024,49,FALSE) -> 0 | O34: =VLOOKUP(C34,october2024,34,FALSE) -> 14 | Q34: =VLOOKUP(C34,manday,35,FALSE) -> 7.88 | R34: =VLOOKUP(C34,manday,39,FALSE) -> 0 | S34: =IFERROR(Q34/R34,0) -> 0 | T34: =IF(VALUE(V34)=0,"",VLOOKUP(C34,manday,43,FALSE)-VLOOKUP(C34,manday,39,FALSE)-VLOOKUP(C34,manday,37,FALSE)+1) | U34: =VLOOKUP(C34,manday,41,FALSE) -> 14.17 | V34: =VLOOKUP(C34,manday,45,FALSE) -> 0 | W34: =IFERROR(U34/V34,0) -> 0 | X34: =IF(VALUE(Z34)=0, "", VLOOKUP(C34, manday, 49, FALSE) - VLOOKUP(C34, manday, 45, FALSE)) | Y34: =VLOOKUP(C34,manday,47,FALSE) -> 0 | Z34: =VLOOKUP(C34,manday,51,FALSE) -> 0 | AA34: =VLOOKUP(C34,manday,49,FALSE) -> 0 | AB34: =VLOOKUP(C34,manday,34,FALSE) -> 14
A35: ERDI - to be taken by YUDI | B35: 2010 | C35: 2 | D35: =VLOOKUP(C35,october2024,35,FALSE)+VLOOKUP(C35,october2024,36,FALSE) -> 2.24 | E35: =VLOOKUP(C35,october2024,39,FALSE) -> 0 | F35: =VLOOKUP(C35,october2024,40,FALSE) -> 0 | G35: =IF(VALUE(I35)=0,"",VLOOKUP(C35,october2024,43,FALSE)-VLOOKUP(C35,october2024,39,FALSE)) | H35: =VLOOKUP(C35,october2024,41,FALSE)+VLOOKUP(C35,october2024,42,FALSE) -> 0 | I35: =VLOOKUP(C35,october2024,45,FALSE) -> 0 | J35: =VLOOKUP(C35,october2024,46,FALSE) -> 0 | K35: =IF(VALUE(M35)=0, "", VLOOKUP(C35, october2024, 49, FALSE) - VLOOKUP(C35, october2024, 45, FALSE)) | L35: =VLOOKUP(C35,october2024,47,FALSE) -> 0 | M35: =VLOOKUP(C35,october2024,51,FALSE) -> 0 | N35: =VLOOKUP(C35,october2024,49,FALSE) -> 0 | O35: =VLOOKUP(C35,october2024,34,FALSE) -> 102 | Q35: =VLOOKUP(C35,manday,35,FALSE) -> 2.24 | R35: =VLOOKUP(C35,manday,39,FALSE) -> 0 | S35: =IFERROR(Q35/R35,0) -> 0 | T35: =IF(VALUE(V35)=0,"",VLOOKUP(C35,manday,43,FALSE)-VLOOKUP(C35,manday,39,FALSE)-VLOOKUP(C35,manday,37,FALSE)+1) | U35: =VLOOKUP(C35,manday,41,FALSE) -> 0 | V35: =VLOOKUP(C35,manday,45,FALSE) -> 0 | W35: =IFERROR(U35/V35,0) -> 0 | X35: =IF(VALUE(Z35)=0, "", VLOOKUP(C35, manday, 49, FALSE) - VLOOKUP(C35, manday, 45, FALSE)) | Y35: =VLOOKUP(C35,manday,47,FALSE) -> 0 | Z35: =VLOOKUP(C35,manday,51,FALSE) -> 0 | AA35: =VLOOKUP(C35,manday,49,FALSE) -> 0 | AB35: =VLOOKUP(C35,manday,34,FALSE) -> 102
B36: 2010 | C36: 11 | D36: =VLOOKUP(C36,october2024,35,FALSE)+VLOOKUP(C36,october2024,36,FALSE) -> 3.33 | E36: =VLOOKUP(C36,october2024,39,FALSE) -> 0 | F36: =VLOOKUP(C36,october2024,40,FALSE) -> 0 | G36: =IF(VALUE(I36)=0,"",VLOOKUP(C36,october2024,43,FALSE)-VLOOKUP(C36,october2024,39,FALSE)) | H36: =VLOOKUP(C36,october2024,41,FALSE)+VLOOKUP(C36,october2024,42,FALSE) -> 0 | I36: =VLOOKUP(C36,october2024,45,FALSE) -> 0 | J36: =VLOOKUP(C36,october2024,46,FALSE) -> 0 | K36: =IF(VALUE(M36)=0, "", VLOOKUP(C36, october2024, 49, FALSE) - VLOOKUP(C36, october2024, 45, FALSE)) | L36: =VLOOKUP(C36,october2024,47,FALSE) -> 0 | M36: =VLOOKUP(C36,october2024,51,FALSE) -> 0 | N36: =VLOOKUP(C36,october2024,49,FALSE) -> 0 | O36: =VLOOKUP(C36,october2024,34,FALSE) -> 62 | Q36: =VLOOKUP(C36,manday,35,FALSE) -> 3.33 | R36: =VLOOKUP(C36,manday,39,FALSE) -> 0 | S36: =IFERROR(Q36/R36,0) -> 0 | T36: =IF(VALUE(V36)=0,"",VLOOKUP(C36,manday,43,FALSE)-VLOOKUP(C36,manday,39,FALSE)-VLOOKUP(C36,manday,37,FALSE)+1) | U36: =VLOOKUP(C36,manday,41,FALSE) -> 0 | V36: =VLOOKUP(C36,manday,45,FALSE) -> 0 | W36: =IFERROR(U36/V36,0) -> 0 | X36: =IF(VALUE(Z36)=0, "", VLOOKUP(C36, manday, 49, FALSE) - VLOOKUP(C36, manday, 45, FALSE)) | Y36: =VLOOKUP(C36,manday,47,FALSE) -> 0 | Z36: =VLOOKUP(C36,manday,51,FALSE) -> 0 | AA36: =VLOOKUP(C36,manday,49,FALSE) -> 0 | AB36: =VLOOKUP(C36,manday,34,FALSE) -> 62
B37: 2015 | C37: 29 | D37: =VLOOKUP(C37,october2024,35,FALSE)+VLOOKUP(C37,october2024,36,FALSE) -> 1.3 | E37: =VLOOKUP(C37,october2024,39,FALSE) -> 0 | F37: =VLOOKUP(C37,october2024,40,FALSE) -> 0 | G37: =IF(VALUE(I37)=0,"",VLOOKUP(C37,october2024,43,FALSE)-VLOOKUP(C37,october2024,39,FALSE)) | H37: =VLOOKUP(C37,october2024,41,FALSE)+VLOOKUP(C37,october2024,42,FALSE) -> 1.4 | I37: =VLOOKUP(C37,october2024,45,FALSE) -> 0 | J37: =VLOOKUP(C37,october2024,46,FALSE) -> 0 | K37: =IF(VALUE(M37)=0, "", VLOOKUP(C37, october2024, 49, FALSE) - VLOOKUP(C37, october2024, 45, FALSE)) | L37: =VLOOKUP(C37,october2024,47,FALSE) -> 0 | M37: =VLOOKUP(C37,october2024,51,FALSE) -> 0 | N37: =VLOOKUP(C37,october2024,49,FALSE) -> 0 | O37: =VLOOKUP(C37,october2024,34,FALSE) -> 19 | Q37: =VLOOKUP(C37,manday,35,FALSE) -> 1.3 | R37: =VLOOKUP(C37,manday,39,FALSE) -> 0 | S37: =IFERROR(Q37/R37,0) -> 0 | T37: =IF(VALUE(V37)=0,"",VLOOKUP(C37,manday,43,FALSE)-VLOOKUP(C37,manday,39,FALSE)-VLOOKUP(C37,manday,37,FALSE)+1) | U37: =VLOOKUP(C37,manday,41,FALSE) -> 1.4 | V37: =VLOOKUP(C37,manday,45,FALSE) -> 0 | W37: =IFERROR(U37/V37,0) -> 0 | X37: =IF(VALUE(Z37)=0, "", VLOOKUP(C37, manday, 49, FALSE) - VLOOKUP(C37, manday, 45, FALSE)) | Y37: =VLOOKUP(C37,manday,47,FALSE) -> 0 | Z37: =VLOOKUP(C37,manday,51,FALSE) -> 0 | AA37: =VLOOKUP(C37,manday,49,FALSE) -> 0 | AB37: =VLOOKUP(C37,manday,34,FALSE) -> 19
B38: 2014 | C38: 105 | D38: =VLOOKUP(C38,october2024,35,FALSE)+VLOOKUP(C38,october2024,36,FALSE) -> 0 | E38: =VLOOKUP(C38,october2024,39,FALSE) -> 0 | F38: =VLOOKUP(C38,october2024,40,FALSE) -> 0 | G38: =IF(VALUE(I38)=0,"",VLOOKUP(C38,october2024,43,FALSE)-VLOOKUP(C38,october2024,39,FALSE)) | H38: =VLOOKUP(C38,october2024,41,FALSE)+VLOOKUP(C38,october2024,42,FALSE) -> 0 | I38: =VLOOKUP(C38,october2024,45,FALSE) -> 0 | J38: =VLOOKUP(C38,october2024,46,FALSE) -> 0 | K38: =IF(VALUE(M38)=0, "", VLOOKUP(C38, october2024, 49, FALSE) - VLOOKUP(C38, october2024, 45, FALSE)) | L38: =VLOOKUP(C38,october2024,47,FALSE) -> 0 | M38: =VLOOKUP(C38,october2024,51,FALSE) -> 0 | N38: =VLOOKUP(C38,october2024,49,FALSE) -> 0 | O38: =VLOOKUP(C38,october2024,34,FALSE) -> 0 | Q38: =VLOOKUP(C38,manday,35,FALSE) -> 0 | R38: =VLOOKUP(C38,manday,39,FALSE) -> 0 | S38: =IFERROR(Q38/R38,0) -> 0 | T38: =IF(VALUE(V38)=0,"",VLOOKUP(C38,manday,43,FALSE)-VLOOKUP(C38,manday,39,FALSE)-VLOOKUP(C38,manday,37,FALSE)+1) | U38: =VLOOKUP(C38,manday,41,FALSE) -> 0 | V38: =VLOOKUP(C38,manday,45,FALSE) -> 0 | W38: =IFERROR(U38/V38,0) -> 0 | X38: =IF(VALUE(Z38)=0, "", VLOOKUP(C38, manday, 49, FALSE) - VLOOKUP(C38, manday, 45, FALSE)) | Y38: =VLOOKUP(C38,manday,47,FALSE) -> 0 | Z38: =VLOOKUP(C38,manday,51,FALSE) -> 0 | AA38: =VLOOKUP(C38,manday,49,FALSE) -> 0 | AB38: =VLOOKUP(C38,manday,34,FALSE) -> 0
B39: 2008 | C39: 114 | D39: =VLOOKUP(C39,october2024,35,FALSE)+VLOOKUP(C39,october2024,36,FALSE) -> 0 | E39: =VLOOKUP(C39,october2024,39,FALSE) -> 0 | F39: =VLOOKUP(C39,october2024,40,FALSE) -> 0 | G39: =IF(VALUE(I39)=0,"",VLOOKUP(C39,october2024,43,FALSE)-VLOOKUP(C39,october2024,39,FALSE)) | H39: =VLOOKUP(C39,october2024,41,FALSE)+VLOOKUP(C39,october2024,42,FALSE) -> 0 | I39: =VLOOKUP(C39,october2024,45,FALSE) -> 0 | J39: =VLOOKUP(C39,october2024,46,FALSE) -> 0 | K39: =IF(VALUE(M39)=0, "", VLOOKUP(C39, october2024, 49, FALSE) - VLOOKUP(C39, october2024, 45, FALSE)) | L39: =VLOOKUP(C39,october2024,47,FALSE) -> 0 | M39: =VLOOKUP(C39,october2024,51,FALSE) -> 0 | N39: =VLOOKUP(C39,october2024,49,FALSE) -> 0 | O39: =VLOOKUP(C39,october2024,34,FALSE) -> 0 | Q39: =VLOOKUP(C39,manday,35,FALSE) -> 0 | R39: =VLOOKUP(C39,manday,39,FALSE) -> 0 | S39: =IFERROR(Q39/R39,0) -> 0 | T39: =IF(VALUE(V39)=0,"",VLOOKUP(C39,manday,43,FALSE)-VLOOKUP(C39,manday,39,FALSE)-VLOOKUP(C39,manday,37,FALSE)+1) | U39: =VLOOKUP(C39,manday,41,FALSE) -> 0 | V39: =VLOOKUP(C39,manday,45,FALSE) -> 0 | W39: =IFERROR(U39/V39,0) -> 0 | X39: =IF(VALUE(Z39)=0, "", VLOOKUP(C39, manday, 49, FALSE) - VLOOKUP(C39, manday, 45, FALSE)) | Y39: =VLOOKUP(C39,manday,47,FALSE) -> 0 | Z39: =VLOOKUP(C39,manday,51,FALSE) -> 0 | AA39: =VLOOKUP(C39,manday,49,FALSE) -> 0 | AB39: =VLOOKUP(C39,manday,34,FALSE) -> 0
D40: =SUM(D5:D39) -> 1065.61 | E40: =SUM(E5:E39) -> 0 | F40: =D40/E40 -> #DIV/0! | G40: =SUM(G5:G39) -> 0 | H40: =SUM(H5:H39) -> 795.41 | I40: =SUM(I5:I39) -> 0 | J40: =H40/I40 -> #DIV/0! | K40: =SUM(K5:K39) -> 0 | L40: =SUM(L5:L39) -> 128.41 | M40: =SUM(M5:M39) -> 0 | N40: =L40/M40 -> #DIV/0! | O40: =SUM(O5:O39)/33 -> 45.181818 | Q40: =SUM(Q5:Q39) -> 1065.61 | R40: =SUM(R5:R39) -> 0 | S40: =Q40/R40 -> #DIV/0! | T40: =SUM(T5:T39) -> 0 | U40: =SUM(U5:U39) -> 795.41 | V40: =SUM(V5:V39) -> 0 | W40: =U40/V40 -> #DIV/0! | AB40: =SUM(AB5:AB39)/33 -> 45.181818
B42: 2 | C42: 2024 under Gang Darso
B43: 11 | C43: 2024 under Gang Darso
B44: 29 | C44: 2024 under Gang Wenderlinus
B46: YUVENTUS GANG | C46: 2024 under Gang Mikhael
C117: 2024 | I117: 2025 | Q117: 2025 vs 2024 Diff.
A118: GANG | C118: FFB Output (MT) | D118: Days Taken | E118: average FFB per day | F118: manday | G118: manday per day (31-2) | H118: FFB Output / Manday per day | I118: FFB Output (MT) | J118: Days Taken | K118: average FFB per day | L118: manday | M118: manday per day (31-2) | N118: FFB Output / Manday per day | Q118: FFB Output (MT) | R118: Days Taken | S118: average FFB per day | T118: manday | U118: manday per day (31-2)
A119: MIKHAEL GANG | C119: =D132+H132+L132 -> 327.66 | D119: =E132+I132+M132 -> 0 | E119: =C119/D119 -> #DIV/0! | F119: =O132 -> 229 | G119: =ROUND(F119/29,0) -> 8 | H119: =IFERROR(C119/G119,0) -> 40.9575
A120: YUVENTUS GANG | I120: =Q133+U133+Y133 -> 327.66 | J120: =R133+V133+Z133 -> 0 | K120: =I120/J120 -> #DIV/0! | L120: =AB133 -> 229 | M120: =ROUND(L120/29,0) -> 8 | N120: =IFERROR(I120/M120,0) -> 40.9575 | Q120: =I120-C119 -> 0 | R120: =J120-D119 -> 0 | S120: =K120-E119 -> #DIV/0! | T120: =L120-F119 -> 0 | U120: =ROUND(M120-G119,0) -> 0
A121: FERDINADUS SERAN GANG | C121: =D134+H134+L134 -> 408.98 | D121: =E134+I134+M134 -> 0 | E121: =C121/D121 -> #DIV/0! | F121: =O134 -> 267 | G121: =ROUND(F121/29,0) -> 9 | H121: =IFERROR(C121/G121,0) -> 45.442222 | I121: =Q134+U134+Y134 -> 408.98 | J121: =R134+V134+Z134 -> 0 | K121: =I121/J121 -> #DIV/0! | L121: =AB134 -> 267 | M121: =ROUND(L121/29,0) -> 9 | N121: =IFERROR(I121/M121,0) -> 45.442222 | Q121: =I121-C121 -> 0 | R121: =J121-D121 -> 0 | S121: =K121-E121 -> #DIV/0! | T121: =L121-F121 -> 0 | U121: =ROUND(M121-G121,0) -> 0
A122: DARSO GANG | C122: =D135+H135+L135 -> 535.86 | D122: =E135+I135+M135 -> 0 | E122: =C122/D122 -> #DIV/0! | F122: =O135 -> 535 | G122: =ROUND(F122/29,0) -> 18 | H122: =IFERROR(C122/G122,0) -> 29.77 | I122: =Q135+U135+Y135 -> 530.29 | J122: =R135+V135+Z135 -> 0 | K122: =I122/J122 -> #DIV/0! | L122: =AB135 -> 371 | M122: =ROUND(L122/29,0) -> 13 | N122: =IFERROR(I122/M122,0) -> 40.791538 | Q122: =I122-(C122) -> -5.57 | R122: =J122-D122 -> 0 | S122: =K122-E122 -> #DIV/0! | T122: =L122-F122 -> -164 | U122: =ROUND(M122-G122,0) -> -5
A123: NU AZANI | C123: =D136+H136+L136 -> 433.06 | D123: =E136+I136+M136 -> 0 | E123: =C123/D123 -> #DIV/0! | F123: =O136 -> 249 | G123: =ROUND(F123/29,0) -> 9 | H123: =IFERROR(C123/G123,0) -> 48.117778 | I123: =Q136+U136+Y136 -> 433.06 | J123: =R136+V136+Z136 -> 0 | K123: =I123/J123 -> #DIV/0! | L123: =AB136 -> 249 | M123: =ROUND(L123/29,0) -> 9 | N123: =IFERROR(I123/M123,0) -> 48.117778 | Q123: =I123-C123 -> 0 | R123: =J123-D123 -> 0 | S123: =K123-E123 -> #DIV/0! | T123: =L123-F123 -> 0 | U123: =ROUND(M123-G123,0) -> 0
A124: WENDELINUS | C124: =D137+H137+L137 -> 283.87 | D124: =E137+I137+M137 -> 0 | E124: =C124/D124 -> #DIV/0! | F124: =O137 -> 211 | G124: =ROUND(F124/29,0) -> 7 | H124: =IFERROR(C124/G124,0) -> 40.552857 | I124: =Q137+U137+Y137 -> 281.17 | J124: =R137+V137+Z137 -> 0 | K124: =I124/J124 -> #DIV/0! | L124: =AB137 -> 192 | M124: =ROUND(L124/29,0) -> 7 | N124: =IFERROR(I124/M124,0) -> 40.167143 | Q124: =I124-(C124) -> -2.7 | R124: =J124-D124 -> 0 | S124: =K124-E124 -> #DIV/0! | T124: =L124-F124 -> -19 | U124: =ROUND(M124-G124,0) -> 0
A125: ERDI | H125: =IFERROR(C125/G125,0) -> 0 | I125: =Q138+U138+Y138 -> 8.27 | J125: =R138+V138+Z138 -> 0 | K125: =I125/J125 -> #DIV/0! | L125: =AB138 -> 183 | M125: =ROUND(L125/29,0) -> 6 | N125: =IFERROR(I125/M125,0) -> 1.3783333 | Q125: =I125-C125 -> 8.27 | R125: =J125-D125 -> 0 | S125: =K125-E125 -> #DIV/0! | T125: =L125-F125 -> 183 | U125: =ROUND(M125-G125,0) -> 6
C126: =SUM(C119:C125) -> 1989.43 | D126: =SUM(D119:D125) -> 0 | E126: =C126/D126 -> #DIV/0! | F126: =SUM(F119:F125) -> 1491 | G126: =SUM(G119:G125) -> 51 | H126: =C126/G126 -> 39.008431 | I126: =SUM(I119:I125) -> 1989.43 | J126: =SUM(J119:J125) -> 0 | K126: =I126/J126 -> #DIV/0! | L126: =SUM(L119:L125) -> 1491 | M126: =SUM(M119:M125) -> 52 | N126: =I126/M126 -> 38.258269 | Q126: =SUM(Q119:Q125) -> 7.4606987e-14 | R126: =SUM(R119:R125) -> 0 | S126: =K126-E126 -> #DIV/0! | T126: =SUM(T119:T125) -> 0 | U126: =SUM(U119:U125) -> 1
D130: 2024 | Q130: 2025
A131: GANG | C131: Total blocks covered | D131: 1st round | E131: days taken | F131: average FFB per day | H131: 2nd round | I131: days taken | J131: average FFB per day | L131: 3rd round | M131: days taken | N131: average FFB per day | O131: manday | Q131: 1st round | R131: days taken | S131: average FFB per day | T131: 1st & 2nd round interval | U131: 2nd round | V131: days taken | W131: average FFB per day | Y131: 3rd round | Z131: days taken | AA131: average FFB per day | AB131: manday
A132: MIKHAEL GANG | C132: 3 | D132: =SUM(D5:D7) -> 236.74 | E132: =SUM(E5:E7) -> 0 | F132: =D132/E132 -> #DIV/0! | H132: =SUM(H5:H7) -> 90.92 | I132: =SUM(I5:I7) -> 0 | J132: =H132/I132 -> #DIV/0! | L132: =SUM(L5:L7) -> 0 | M132: =SUM(M5:M7) -> 0 | N132: =IFERROR(L132/M132,0) -> 0 | O132: =SUM(O5:O7) -> 229
A133: YUVENTUS GANG | C133: 3 | Q133: =SUM(Q5:Q7) -> 236.74 | R133: =SUM(R5:R7) -> 0 | S133: =Q133/R133 -> #DIV/0! | T133: =SUM(T5:T7) -> 0 | U133: =SUM(U5:U7) -> 90.92 | V133: =SUM(V5:V7) -> 0 | W133: =U133/V133 -> #DIV/0! | Y133: =SUM(Y5:Y7) -> 0 | Z133: =SUM(Z5:Z7) -> 0 | AA133: =IFERROR(Y133/Z133,0) -> 0 | AB133: =SUM(AB5:AB7) -> 229
A134: FERDINADUS SERAN GANG | C134: 6 | D134: =SUM(D8:D13) -> 211.1 | E134: =SUM(E8:E13) -> 0 | F134: =D134/E134 -> #DIV/0! | H134: =SUM(H8:H13) -> 197.88 | I134: =SUM(I8:I13) -> 0 | J134: =H134/I134 -> #DIV/0! | L134: =SUM(L8:L13) -> 0 | M134: =SUM(M8:M13) -> 0 | N134: =IFERROR(L134/M134,0) -> 0 | O134: =SUM(O8:O13) -> 267 | Q134: =SUM(Q8:Q13) -> 211.1 | R134: =SUM(R8:R13) -> 0 | S134: =Q134/R134 -> #DIV/0! | T134: =SUM(T8:T13) -> 0 | U134: =SUM(U8:U13) -> 197.88 | V134: =SUM(V8:V13) -> 0 | W134: =U134/V134 -> #DIV/0! | Y134: =SUM(Y8:Y13) -> 0 | Z134: =SUM(Z8:Z13) -> 0 | AA134: =IFERROR(Y134/Z134,0) -> 0 | AB134: =SUM(AB8:AB13) -> 267
A135: DARSO GANG | C135: 7 | D135: =SUM(D14:D20)+D35+D36 -> 294.11 | E135: =SUM(E14:E20)+E35+E36 -> 0 | F135: =D135/E135 -> #DIV/0! | H135: =SUM(H14:H20)+H35+H36 -> 177.46 | I135: =SUM(I14:I20)+I35+I36 -> 0 | J135: =H135/I135 -> #DIV/0! | L135: =SUM(L14:L20)+L35+L36 -> 64.29 | M135: =SUM(M14:M20)+M35+M36 -> 0 | N135: =IFERROR(L135/M135,0) -> 0 | O135: =SUM(O14:O20)+O35+O36 -> 535 | Q135: =SUM(Q14:Q20) -> 288.54 | R135: =SUM(R14:R20) -> 0 | S135: =Q135/R135 -> #DIV/0! | T135: =SUM(T14:T20) -> 0 | U135: =SUM(U14:U20) -> 177.46 | V135: =SUM(V14:V20) -> 0 | W135: =U135/V135 -> #DIV/0! | Y135: =SUM(Y14:Y20) -> 64.29 | Z135: =SUM(Z14:Z20) -> 0 | AA135: =IFERROR(Y135/Z135,0) -> 0 | AB135: =SUM(AB14:AB20) -> 371
A136: NU AZANI | C136: 6 | D136: =SUM(D21:D26) -> 199.26 | E136: =SUM(E21:E26) -> 0 | F136: =D136/E136 -> #DIV/0! | H136: =SUM(H21:H26) -> 202.64 | I136: =SUM(I21:I26) -> 0 | J136: =H136/I136 -> #DIV/0! | L136: =SUM(L21:L26) -> 31.16 | M136: =SUM(M21:M26) -> 0 | N136: =IFERROR(L136/M136,0) -> 0 | O136: =SUM(O21:O26) -> 249 | Q136: =SUM(Q21:Q26) -> 199.26 | R136: =SUM(R21:R26) -> 0 | S136: =Q136/R136 -> #DIV/0! | T136: =SUM(T21:T26) -> 0 | U136: =SUM(U21:U26) -> 202.64 | V136: =SUM(V21:V26) -> 0 | W136: =U136/V136 -> #DIV/0! | Y136: =SUM(Y21:Y26) -> 31.16 | Z136: =SUM(Z21:Z26) -> 0 | AA136: =IFERROR(Y136/Z136,0) -> 0 | AB136: =SUM(AB21:AB26) -> 249
A137: WENDELINUS | C137: 8 | D137: =SUM(D27:D34)+D37 -> 124.4 | E137: =SUM(E27:E34)+E37 -> 0 | F137: =D137/E137 -> #DIV/0! | H137: =SUM(H27:H34)+H37 -> 126.51 | I137: =SUM(I27:I34)+I37 -> 0 | J137: =H137/I137 -> #DIV/0! | L137: =SUM(L27:L34)+L37 -> 32.96 | M137: =SUM(M27:M34)+M37 -> 0 | N137: =IFERROR(L137/M137,0) -> 0 | O137: =SUM(O27:O34)+O37 -> 211 | Q137: =SUM(Q27:Q34) -> 123.1 | R137: =SUM(R27:R34) -> 0 | S137: =Q137/R137 -> #DIV/0! | T137: =SUM(T27:T34) -> 0 | U137: =SUM(U27:U34) -> 125.11 | V137: =SUM(V27:V34) -> 0 | W137: =U137/V137 -> #DIV/0! | Y137: =SUM(Y27:Y34) -> 32.96 | Z137: =SUM(Z27:Z34) -> 0 | AA137: =IFERROR(Y137/Z137,0) -> 0 | AB137: =SUM(AB27:AB34) -> 192
A138: ERDI | C138: 3 | Q138: =SUM(Q35:Q37) -> 6.87 | R138: =SUM(R35:R37) -> 0 | S138: =Q138/R138 -> #DIV/0! | T138: =SUM(T35:T37) -> 0 | U138: =SUM(U35:U37) -> 1.4 | V138: =SUM(V35:V37) -> 0 | W138: =U138/V138 -> #DIV/0! | Y138: =SUM(Y35:Y37) -> 0 | Z138: =SUM(Z35:Z37) -> 0 | AA138: =IFERROR(Y138/Z138,0) -> 0 | AB138: =SUM(AB35:AB37) -> 183
D139: =SUM(D132:D138) -> 1065.61 | E139: =SUM(E132:E138) -> 0 | F139: =D139/E139 -> #DIV/0! | H139: =SUM(H132:H138) -> 795.41 | I139: =SUM(I132:I138) -> 0 | J139: =H139/I139 -> #DIV/0! | L139: =SUM(L132:L138) -> 128.41 | M139: =SUM(M132:M138) -> 0 | N139: =L139/M139 -> #DIV/0! | O139: =SUM(O132:O138) -> 1491 | Q139: =SUM(Q132:Q138) -> 1065.61 | R139: =SUM(R132:R138) -> 0 | S139: =Q139/R139 -> #DIV/0! | T139: =SUM(T132:T138) -> 0 | U139: =SUM(U132:U138) -> 795.41 | V139: =SUM(V132:V138) -> 0 | W139: =U139/V139 -> #DIV/0! | Y139: =SUM(Y132:Y138) -> 128.41 | Z139: =SUM(Z132:Z138) -> 0 | AA139: =IFERROR(Y139/Z139,0) -> 0 | AB139: =SUM(AB132:AB138) -> 1491

Sheet HARVESTING INTERVAL- Dec 25
AQ2: MONTH : | BC2: JULY
A3: GANG | B3: YEAR | C3: BLOCK | D3: HA | E3: 1 | F3: 2 | G3: 3 | H3: 4 | I3: 5 | J3: 6 | K3: 7 | L3: 8 | M3: 9 | N3: 10 | O3: 11 | P3: 12 | Q3: 13 | R3: 14 | S3: 15 | T3: 16 | U3: 17 | V3: 18 | W3: 19 | X3: 20 | Y3: 21 | Z3: 22 | AA3: 23 | AB3: 24 | AC3: 25 | AD3: 26 | AE3: 27 | AF3: 28 | AG3: 29 | AH3: 30 | AI3: 31 | AJ3: TOTAL MANDAY | AK3: 1ST RD | AQ3: 2ND RD | AW3: 3RD RD | BC3: 4TH RD | BE3: FFB&LF PRODUCTION | BG3: BLOCK
C4: NO | AK4: FFB/MT | AL4: LF/MT | AM4: START DATE | AN4: END DATE DATE | AO4: DAYS TAKEN | AP4: AVG HARVEST PER DAY | AQ4: FFB/MT | AR4: LF/MT | AS4: START DATE | AT4: END DATE DATE | AU4: DAYS TAKEN | AV4: AVG HARVEST PER DAY | AW4: FFB/MT | AX4: LF/MT | AY4: START DATE | AZ4: END DATE DATE | BA4: DAYS TAKEN | BB4: AVG HARVEST PER DAY | BC4: FFB/MT | BD4: LF/MT | BE4: FFB/MT | BF4: LF/MT | BG4: NO
A5: YUVENTUS GANG | B5: 2010 | C5: 1 | D5: 53.2 | E5: 15 | F5: 16 | G5: 1 | H5: 2 | I5: 3 | J5: 4 | K5: 5 | L5: 6 | M5: 7 | N5: 8 | O5: 9 | P5: 10 | Q5: 11 | R5: 12 | S5: 13 | T5: 14 | U5: 15 | V5: 16 | W5: 17 | X5: 18 | Y5: 19 | Z5: 1 | AA5: 2 | AB5: 3 | AC5: 4 | AD5: 5 | AE5: 6 | AF5: 7 | AG5: 8 | AH5: 9 | AI5: 10 | AJ5: =SUM(D6:AI6) -> 98 | AK5: =7.44+13.61+7.43+7.76+9.23 -> 45.47 | AN5: 10 | AO5: =IF(COUNT(AM5,AN5)<2, "0", AN5 - AM5 + 1) -> 0 | AP5: =IFERROR(AK5/AO5,0) -> 0 | AQ5: =12.7+9.76+11.06+6.77+10.72+3.94+6.23 -> 61.18 | AV5: =IFERROR(AQ5/AU5,0) -> 0 | BA5: =IF(COUNT(AY5,AZ5)<2, "0", AZ5 - AY5 ) -> 0 | BB5: =IFERROR(AW5/BA5,0) -> 0 | BE5: =AK5+AQ5+AW5+BC5 -> 106.65 | BF5: =AL5+AR5+AX5+BD5 -> 0 | BG5: 1
G6: 3 | H6: 8 | I6: 7 | J6: 8 | M6: 10 | Z6: 10 | AA6: 10 | AB6: 8 | AE6: 7 | AF6: 8 | AG6: 9 | AH6: 10
B7: 2010 | C7: 3 | D7: 69.2 | E7: 5 | F7: 6 | G7: 7 | H7: 8 | I7: 9 | J7: 10 | K7: 11 | L7: 12 | M7: 13 | N7: 14 | O7: 15 | P7: 16 | Q7: 17 | R7: 18 | S7: 1 | T7: 2 | U7: 3 | V7: 4 | W7: 5 | X7: 6 | Y7: 7 | Z7: 8 | AA7: 9 | AB7: 10 | AC7: 11 | AD7: 12 | AE7: 13 | AF7: 14 | AG7: 15 | AH7: 16 | AI7: 17 | AJ7: =SUM(D8:AI8) -> 67 | AK7: =3.82+4.24+7.15 -> 15.21 | AN7: 7 | AO7: =IF(COUNT(AM7,AN7)<2, "0", AN7 - AM7 + 1) -> 0 | AP7: =IFERROR(AK7/AO7,0) -> 0 | AQ7: =4.88+9.43+17.44+12.55+3.41+8.21+8.88 -> 64.8 | AV7: =IFERROR(AQ7/AU7,0) -> 0 | BA7: =IF(COUNT(AY7,AZ7)<2, "0", AZ7 - AY7 ) -> 0 | BB7: =IFERROR(AW7/BA7,0) -> 0 | BE7: =AK7+AQ7+AW7+BC7 -> 80.01 | BF7: =AL7+AR7+AX7+BD7 -> 0 | BG7: 3
E8: 8 | G8: 4 | S8: 10 | T8: 10 | U8: 9 | V8: 8 | X8: 9 | Y8: 9
B9: 2011 | C9: 14 | D9: 41.6 | E9: 9 | F9: 10 | G9: 11 | H9: 12 | I9: 13 | J9: 14 | K9: 15 | L9: 16 | M9: 17 | N9: 1 | O9: 2 | P9: 3 | Q9: 4 | R9: 5 | S9: 6 | T9: 7 | U9: 8 | V9: 9 | W9: 10 | X9: 11 | Y9: 12 | Z9: 13 | AA9: 14 | AB9: 15 | AC9: 16 | AD9: 17 | AE9: 18 | AF9: 19 | AG9: 20 | AH9: 21 | AI9: 1 | AJ9: =SUM(D10:AI10) -> 45 | AK9: =7.89+12.37+8.83+4.92+7.98+3.85 -> 45.84 | AN9: 3 | AO9: =IF(COUNT(AM9,AN9)<2, "0", AN9 - AM9 + 1) -> 0 | AP9: =IFERROR(AK9/AO9,0) -> 0 | AV9: =IFERROR(AQ9/AU9,0) -> 0 | BA9: =IF(COUNT(AY9,AZ9)<2, "0", AZ9 - AY9 ) -> 0 | BB9: =IFERROR(AW9/BA9,0) -> 0 | BE9: =AK9+AQ9+AW9+BC9 -> 45.84 | BF9: =AL9+AR9+AX9+BD9 -> 0 | BG9: 14
N10: 9 | O10: 10 | P10: 9 | R10: 7 | AI10: 10
A11: SOFIO MODENTUS MISSA GANG | B11: 2010 | C11: 4 | D11: 70.6 | E11: 9 | F11: 10 | G11: 11 | H11: 12 | I11: 13 | J11: 14 | K11: 15 | L11: 16 | M11: 17 | N11: 18 | O11: 19 | P11: 1 | Q11: 2 | R11: 3 | S11: 4 | T11: 5 | U11: 6 | V11: 7 | W11: 8 | X11: 9 | Y11: 10 | Z11: 11 | AA11: 12 | AB11: 13 | AC11: 14 | AD11: 15 | AE11: 16 | AF11: 17 | AG11: 18 | AH11: 19 | AI11: 20 | AJ11: =SUM(D12:AI12) -> 46 | AK11: =7.63+3.49+8.65+25.17+8.05+12.05 -> 65.04 | AN11: 4 | AO11: =IF(COUNT(AM11,AN11)<2, "0", AN11 - AM11 + 1) -> 0 | AP11: =IFERROR(AK11/AO11,0) -> 0 | AV11: =IFERROR(AQ11/AU11,0) -> 0 | BA11: =IF(COUNT(AY11,AZ11)<2, "0", AZ11 - AY11 ) -> 0 | BB11: =IFERROR(AW11/BA11,0) -> 0 | BE11: =AK11+AQ11+AW11+BC11 -> 65.04 | BF11: =AL11+AR11+AX11+BD11 -> 0 | BG11: 4
P12: 12 | R12: 10 | S12: 12 | T12: 12
B13: 2010 | C13: 5 | D13: 54.3 | E13: 13 | F13: 14 | G13: 15 | H13: 16 | I13: 17 | J13: 1 | K13: 2 | L13: 3 | M13: 4 | N13: 5 | O13: 6 | P13: 7 | Q13: 8 | R13: 9 | S13: 10 | T13: 11 | U13: 12 | V13: 13 | W13: 14 | X13: 15 | Y13: 16 | Z13: 17 | AA13: 18 | AB13: 19 | AC13: 20 | AD13: 21 | AE13: 22 | AF13: 23 | AG13: 1 | AH13: 2 | AI13: 3 | AJ13: =SUM(D14:AI14) -> 62 | AK13: =8.51+9.14+5.37+4.44+19.98 -> 47.44 | AN13: 5 | AO13: =IF(COUNT(AM13,AN13)<2, "0", AN13 - AM13 + 1) -> 0 | AP13: =IFERROR(AK13/AO13,0) -> 0 | AQ13: =12.34+19.75 -> 32.09 | AV13: =IFERROR(AQ13/AU13,0) -> 0 | BA13: =IF(COUNT(AY13,AZ13)<2, "0", AZ13 - AY13 ) -> 0 | BB13: =IFERROR(AW13/BA13,0) -> 0 | BE13: =AK13+AQ13+AW13+BC13 -> 79.53 | BF13: =AL13+AR13+AX13+BD13 -> 0 | BG13: 5
J14: 11 | M14: 11 | N14: 4 | AG14: 12 | AH14: 12 | AI14: 12
B15: 2010 | C15: 6 | D15: 58.6 | E15: 1 | F15: 2 | G15: 3 | H15: 4 | I15: 5 | J15: 6 | K15: 7 | L15: 8 | M15: 9 | N15: 10 | O15: 11 | P15: 12 | Q15: 13 | R15: 14 | S15: 15 | T15: 16 | U15: 17 | V15: 18 | W15: 19 | X15: 20 | Y15: 21 | Z15: 22 | AA15: 1 | AB15: 2 | AC15: 3 | AD15: 4 | AE15: 5 | AF15: 6 | AG15: 7 | AH15: 8 | AI15: 9 | AJ15: =SUM(D16:AI16) -> 86 | AK15: =4.46+5.13+16.61+17.27+16.86 -> 60.33 | AN15: 5 | AO15: =IF(COUNT(AM15,AN15)<2, "0", AN15 - AM15 + 1) -> 0 | AP15: =IFERROR(AK15/AO15,0) -> 0 | AQ15: =22.03+8.21+4.58+21.29+8.8 -> 64.91 | AV15: =IFERROR(AQ15/AU15,0) -> 0 | BA15: =IF(COUNT(AY15,AZ15)<2, "0", AZ15 - AY15 ) -> 0 | BB15: =IFERROR(AW15/BA15,0) -> 0 | BE15: =AK15+AQ15+AW15+BC15 -> 125.24 | BF15: =AL15+AR15+AX15+BD15 -> 0 | BG15: 6
E16: 8 | G16: 9 | H16: 10 | I16: 11 | AA16: 12 | AB16: 12 | AE16: 12 | AF16: 12
B17: 2010 | C17: 7 | D17: 23.6 | E17: 10 | F17: 11 | G17: 12 | H17: 13 | I17: 14 | J17: 15 | K17: 16 | L17: 17 | M17: 18 | N17: 1 | O17: 2 | P17: 3 | Q17: 4 | R17: 5 | S17: 6 | T17: 7 | U17: 8 | V17: 9 | W17: 10 | X17: 11 | Y17: 12 | Z17: 13 | AA17: 14 | AB17: 15 | AC17: 16 | AD17: 17 | AE17: 18 | AF17: 19 | AG17: 20 | AH17: 21 | AI17: 22 | AJ17: =SUM(D18:AI18) -> 17 | AK17: =12.43+6.72 -> 19.15 | AN17: 1 | AO17: =IF(COUNT(AM17,AN17)<2, "0", AN17 - AM17 + 1) -> 0 | AP17: =IFERROR(AK17/AO17,0) -> 0 | AV17: =IFERROR(AQ17/AU17,0) -> 0 | BA17: =IF(COUNT(AY17,AZ17)<2, "0", AZ17 - AY17 ) -> 0 | BB17: =IFERROR(AW17/BA17,0) -> 0 | BE17: =AK17+AQ17+AW17+BC17 -> 19.15 | BF17: =AL17+AR17+AX17+BD17 -> 0 | BG17: 7
N18: 7 | O18: 10
B19: 2010 | C19: 23 | D19: 14.6 | E19: 2 | F19: 3 | G19: 4 | H19: 5 | I19: 6 | J19: 7 | K19: 8 | L19: 9 | M19: 10 | N19: 11 | O19: 12 | P19: 13 | Q19: 14 | R19: 15 | S19: 16 | T19: 17 | U19: 18 | V19: 19 | W19: 20 | X19: 21 | Y19: 1 | Z19: 2 | AA19: 3 | AB19: 4 | AC19: 5 | AD19: 6 | AE19: 7 | AF19: 8 | AG19: 9 | AH19: 10 | AI19: 11 | AJ19: =SUM(D20:AI20) -> 11 | AK19: =4.22+13.45+7.59 -> 25.26 | AN19: 1 | AO19: =IF(COUNT(AM19,AN19)<2, "0", AN19 - AM19 + 1) -> 0 | AP19: =IFERROR(AK19/AO19,0) -> 0 | AV19: =IFERROR(AQ19/AU19,0) -> 0 | BA19: =IF(COUNT(AY19,AZ19)<2, "0", AZ19 - AY19 ) -> 0 | BB19: =IFERROR(AW19/BA19,0) -> 0 | BE19: =AK19+AQ19+AW19+BC19 -> 25.26 | BF19: =AL19+AR19+AX19+BD19 -> 0 | BG19: 23
Y20: 11
B21: 2012 | C21: 24 | D21: 44.7 | E21: 5 | F21: 6 | G21: 7 | H21: 8 | I21: 9 | J21: 10 | K21: 11 | L21: 12 | M21: 13 | N21: 14 | O21: 15 | P21: 16 | Q21: 17 | R21: 18 | S21: 19 | T21: 20 | U21: 1 | V21: 2 | W21: 3 | X21: 4 | Y21: 5 | Z21: 6 | AA21: 7 | AB21: 8 | AC21: 9 | AD21: 10 | AE21: 11 | AF21: 12 | AG21: 13 | AH21: 14 | AI21: 15 | AJ21: =SUM(D22:AI22) -> 36 | AK21: =9.59+21.75+13.51+5.06 -> 49.91 | AN21: 3 | AO21: =IF(COUNT(AM21,AN21)<2, "0", AN21 - AM21 + 1) -> 0 | AP21: =IFERROR(AK21/AO21,0) -> 0 | AV21: =IFERROR(AQ21/AU21,0) -> 0 | BA21: =IF(COUNT(AY21,AZ21)<2, "0", AZ21 - AY21 ) -> 0 | BB21: =IFERROR(AW21/BA21,0) -> 0 | BE21: =AK21+AQ21+AW21+BC21 -> 49.91 | BF21: =AL21+AR21+AX21+BD21 -> 0 | BG21: 24
U22: 12 | V22: 12 | X22: 12
A23: DARSO GANG | B23: 2011 | C23: 15 | D23: 49.3 | E23: 22 | F23: 23 | G23: 24 | H23: 1 | I23: 2 | J23: 3 | K23: 4 | L23: 5 | M23: 6 | N23: 7 | O23: 8 | P23: 9 | Q23: 10 | R23: 11 | S23: 12 | T23: 13 | U23: 14 | V23: 15 | W23: 16 | X23: 17 | Y23: 18 | Z23: 19 | AA23: 20 | AB23: 21 | AC23: 1 | AD23: 2 | AE23: 3 | AF23: 4 | AG23: 5 | AH23: 6 | AI23: 7 | AJ23: =SUM(D24:AI24) -> 60 | AK23: =4.01+34.01+32.88 -> 70.9 | AN23: 2 | AO23: =IF(COUNT(AM23,AN23)<2, "0", AN23 - AM23 + 1) -> 0 | AP23: =IFERROR(AK23/AO23,0) -> 0 | AQ23: =7.59+45.57 -> 53.16 | AV23: =IFERROR(AQ23/AU23,0) -> 0 | BA23: =IF(COUNT(AY23,AZ23)<2, "0", AZ23 - AY23 ) -> 0 | BB23: =IFERROR(AW23/BA23,0) -> 0 | BE23: =AK23+AQ23+AW23+BC23 -> 124.06 | BF23: =AL23+AR23+AX23+BD23 -> 0 | BG23: 15
H24: 7 | I24: 13 | J24: 15 | AC24: 11 | AD24: 14
B25: 2011 | C25: 16 | D25: 50.4 | E25: 3 | F25: 4 | G25: 5 | H25: 6 | I25: 7 | J25: 8 | K25: 9 | L25: 10 | M25: 11 | N25: 12 | O25: 13 | P25: 14 | Q25: 15 | R25: 16 | S25: 17 | T25: 18 | U25: 19 | V25: 20 | W25: 21 | X25: 22 | Y25: 23 | Z25: 1 | AA25: 2 | AB25: 3 | AC25: 4 | AD25: 5 | AE25: 6 | AF25: 7 | AG25: 8 | AH25: 9 | AI25: 10 | AJ25: =SUM(D26:AI26) -> 60 | AK25: =8.65+31.95+12.78 -> 53.38 | AN25: 2 | AO25: =IF(COUNT(AM25,AN25)<2, "0", AN25 - AM25 + 1) -> 0 | AP25: =IFERROR(AK25/AO25,0) -> 0 | AQ25: =26.14+28.61+3.53 -> 58.28 | AV25: =IFERROR(AQ25/AU25,0) -> 0 | BA25: =IF(COUNT(AY25,AZ25)<2, "0", AZ25 - AY25 ) -> 0 | BB25: =IFERROR(AW25/BA25,0) -> 0 | BE25: =AK25+AQ25+AW25+BC25 -> 111.66 | BF25: =AL25+AR25+AX25+BD25 -> 0 | BG25: 16
F26: 9 | G26: 12 | H26: 7 | Z26: 6 | AA26: 12 | AB26: 14
B27: 2011 | C27: 17 | D27: 45.7 | E27: 5 | F27: 6 | G27: 7 | H27: 8 | I27: 9 | J27: 10 | K27: 11 | L27: 12 | M27: 13 | N27: 14 | O27: 15 | P27: 16 | Q27: 17 | R27: 18 | S27: 19 | T27: 20 | U27: 21 | V27: 22 | W27: 23 | X27: 24 | Y27: 1 | Z27: 2 | AA27: 3 | AB27: 4 | AC27: 5 | AD27: 6 | AE27: 7 | AF27: 8 | AG27: 9 | AH27: 10 | AI27: 11 | AJ27: =SUM(D28:AI28) -> 26 | AK27: =12.56+30.61 -> 43.17 | AN27: 3 | AO27: =IF(COUNT(AM27,AN27)<2, "0", AN27 - AM27 + 1) -> 0 | AP27: =IFERROR(AK27/AO27,0) -> 0 | AV27: =IFERROR(AQ27/AU27,0) -> 0 | BA27: =IF(COUNT(AY27,AZ27)<2, "0", AZ27 - AY27 ) -> 0 | BB27: =IFERROR(AW27/BA27,0) -> 0 | BE27: =AK27+AQ27+AW27+BC27 -> 43.17 | BF27: =AL27+AR27+AX27+BD27 -> 0 | BG27: 17
Y28: 14 | Z28: 12
B29: 2012 | C29: 19 | D29: 50.6 | E29: 18 | F29: 19 | G29: 20 | H29: 21 | I29: 22 | J29: 23 | K29: 24 | L29: 1 | M29: 2 | N29: 3 | O29: 4 | P29: 5 | Q29: 6 | R29: 7 | S29: 8 | T29: 9 | U29: 10 | V29: 11 | W29: 12 | X29: 13 | Y29: 14 | Z29: 15 | AA29: 16 | AB29: 17 | AC29: 18 | AD29: 19 | AE29: 1 | AF29: 2 | AG29: 3 | AH29: 4 | AI29: 5 | AJ29: =SUM(D30:AI30) -> 52 | AK29: =16.54+23.51+16.17 -> 56.22 | AN29: 3 | AO29: =IF(COUNT(AM29,AN29)<2, "0", AN29 - AM29 + 1) -> 0 | AP29: =IFERROR(AK29/AO29,0) -> 0 | AQ29: =22.55+11.2 -> 33.75 | AV29: =IFERROR(AQ29/AU29,0) -> 0 | BA29: =IF(COUNT(AY29,AZ29)<2, "0", AZ29 - AY29 ) -> 0 | BB29: =IFERROR(AW29/BA29,0) -> 0 | BE29: =AK29+AQ29+AW29+BC29 -> 89.97 | BF29: =AL29+AR29+AX29+BD29 -> 0 | BG29: 19
L30: 15 | M30: 13 | N30: 5 | AE30: 13 | AF30: 6
B31: 2012 | C31: 20 | D31: 62.1 | E31: 15 | F31: 16 | G31: 17 | H31: 18 | I31: 19 | J31: 20 | K31: 21 | L31: 22 | M31: 23 | N31: 1 | O31: 2 | P31: 3 | Q31: 4 | R31: 5 | S31: 6 | T31: 7 | U31: 8 | V31: 9 | W31: 10 | X31: 11 | Y31: 12 | Z31: 13 | AA31: 14 | AB31: 15 | AC31: 16 | AD31: 17 | AE31: 18 | AF31: 1 | AG31: 2 | AH31: 3 | AI31: 4 | AJ31: =SUM(D32:AI32) -> 77 | AK31: =8.44+29.3+25.84+20.61 -> 84.19 | AN31: 3 | AO31: =IF(COUNT(AM31,AN31)<2, "0", AN31 - AM31 + 1) -> 0 | AP31: =IFERROR(AK31/AO31,0) -> 0 | AQ31: =12.66+16.2+23.61 -> 52.47 | AV31: =IFERROR(AQ31/AU31,0) -> 0 | BA31: =IF(COUNT(AY31,AZ31)<2, "0", AZ31 - AY31 ) -> 0 | BB31: =IFERROR(AW31/BA31,0) -> 0 | BE31: =AK31+AQ31+AW31+BC31 -> 136.66 | BF31: =AL31+AR31+AX31+BD31 -> 0 | BG31: 20
N32: 9 | O32: 13 | P32: 13 | R32: 11 | S32: 6 | AF32: 6 | AG32: 12 | AH32: 7
B33: 2012 | C33: 21 | D33: 72.2 | E33: 13 | F33: 14 | G33: 15 | H33: 16 | I33: 17 | J33: 18 | K33: 19 | L33: 20 | M33: 21 | N33: 22 | O33: 23 | P33: 24 | Q33: 25 | R33: 26 | S33: 1 | T33: 2 | U33: 3 | V33: 4 | W33: 5 | X33: 6 | Y33: 7 | Z33: 8 | AA33: 9 | AB33: 10 | AC33: 11 | AD33: 12 | AE33: 13 | AF33: 14 | AG33: 15 | AH33: 1 | AI33: 2 | AJ33: =SUM(D34:AI34) -> 58 | AK33: =21.86+27.37+29.61+22.46 -> 101.3 | AN33: 5 | AO33: =IF(COUNT(AM33,AN33)<2, "0", AN33 - AM33 + 1) -> 0 | AP33: =IFERROR(AK33/AO33,0) -> 0 | AQ33: =8.34+12.56 -> 20.9 | AV33: =IFERROR(AQ33/AU33,0) -> 0 | BA33: =IF(COUNT(AY33,AZ33)<2, "0", AZ33 - AY33 ) -> 0 | BB33: =IFERROR(AW33/BA33,0) -> 0 | BE33: =AK33+AQ33+AW33+BC33 -> 122.2 | BF33: =AL33+AR33+AX33+BD33 -> 0 | BG33: 21
S34: 7 | T34: 13 | U34: 13 | V34: 7 | AH34: 7 | AI34: 11
B35: 2012 | C35: 22 | D35: 52.3 | E35: 7 | F35: 8 | G35: 9 | H35: 10 | I35: 11 | J35: 12 | K35: 13 | L35: 14 | M35: 15 | N35: 16 | O35: 17 | P35: 18 | Q35: 19 | R35: 20 | S35: 21 | T35: 22 | U35: 23 | V35: 1 | W35: 2 | X35: 3 | Y35: 4 | Z35: 5 | AA35: 6 | AB35: 7 | AC35: 8 | AD35: 9 | AE35: 10 | AF35: 11 | AG35: 12 | AH35: 13 | AI35: 14 | AJ35: =SUM(D36:AI36) -> 31 | AK35: =8.55+12.06+40.43+3.41 -> 64.45 | AN35: 3 | AO35: =IF(COUNT(AM35,AN35)<2, "0", AN35 - AM35 + 1) -> 0 | AP35: =IFERROR(AK35/AO35,0) -> 0 | AV35: =IFERROR(AQ35/AU35,0) -> 0 | BA35: =IF(COUNT(AY35,AZ35)<2, "0", AZ35 - AY35 ) -> 0 | BB35: =IFERROR(AW35/BA35,0) -> 0 | BE35: =AK35+AQ35+AW35+BC35 -> 64.45 | BF35: =AL35+AR35+AX35+BD35 -> 0 | BG35: 22
V36: 7 | W36: 10 | X36: 14
A37: NU AZANI | B37: 2010 | C37: 8 | D37: 61.6 | E37: 6 | F37: 7 | G37: 8 | H37: 9 | I37: 10 | J37: 11 | K37: 12 | L37: 13 | M37: 14 | N37: 15 | O37: 1 | P37: 2 | Q37: 3 | R37: 4 | S37: 5 | T37: 6 | U37: 7 | V37: 8 | W37: 9 | X37: 10 | Y37: 11 | Z37: 12 | AA37: 13 | AB37: 14 | AC37: 15 | AD37: 16 | AE37: 17 | AF37: 18 | AG37: 19 | AH37: 20 | AI37: 1 | AJ37: =SUM(D38:AI38) -> 37 | AK37: =18.04+13.34+3.61+16.74+7.58 -> 59.31 | AN37: 4 | AO37: =IF(COUNT(AM37,AN37)<2, "0", AN37 - AM37 + 1) -> 0 | AP37: =IFERROR(AK37/AO37,0) -> 0 | AQ37: =7.63 -> 7.63 | AV37: =IFERROR(AQ37/AU37,0) -> 0 | BA37: =IF(COUNT(AY37,AZ37)<2, "0", AZ37 - AY37 ) -> 0 | BB37: =IFERROR(AW37/BA37,0) -> 0 | BE37: =AK37+AQ37+AW37+BC37 -> 66.94 | BF37: =AL37+AR37+AX37+BD37 -> 0 | BG37: 8
O38: 10 | P38: 10 | R38: 10 | AI38: 7
B39: 2010 | C39: 9 | D39: 38.3 | E39: 4 | F39: 5 | G39: 6 | H39: 7 | I39: 8 | J39: 9 | K39: 10 | L39: 11 | M39: 12 | N39: 13 | O39: 14 | P39: 15 | Q39: 16 | R39: 17 | S39: 1 | T39: 2 | U39: 3 | V39: 4 | W39: 5 | X39: 6 | Y39: 7 | Z39: 8 | AA39: 9 | AB39: 10 | AC39: 11 | AD39: 12 | AE39: 13 | AF39: 14 | AG39: 15 | AH39: 16 | AI39: 17 | AJ39: =SUM(D40:AI40) -> 18 | AK39: =4.15+25.05+3.81 -> 33.01 | AN39: 2 | AO39: =IF(COUNT(AM39,AN39)<2, "0", AN39 - AM39 + 1) -> 0 | AP39: =IFERROR(AK39/AO39,0) -> 0 | AV39: =IFERROR(AQ39/AU39,0) -> 0 | BA39: =IF(COUNT(AY39,AZ39)<2, "0", AZ39 - AY39 ) -> 0 | BB39: =IFERROR(AW39/BA39,0) -> 0 | BE39: =AK39+AQ39+AW39+BC39 -> 33.01 | BF39: =AL39+AR39+AX39+BD39 -> 0 | BG39: 9
S40: 10 | T40: 8
B41: 2010 | C41: 12 | D41: 71 | E41: 2 | F41: 3 | G41: 4 | H41: 5 | I41: 6 | J41: 7 | K41: 8 | L41: 9 | M41: 10 | N41: 11 | O41: 12 | P41: 13 | Q41: 14 | R41: 15 | S41: 16 | T41: 17 | U41: 18 | V41: 1 | W41: 2 | X41: 3 | Y41: 4 | Z41: 5 | AA41: 6 | AB41: 7 | AC41: 8 | AD41: 9 | AE41: 10 | AF41: 11 | AG41: 12 | AH41: 13 | AI41: 14 | AJ41: =SUM(D42:AI42) -> 51 | AK41: =10.5+22.32+16.65 -> 49.47 | AN41: 5 | AO41: =IF(COUNT(AM41,AN41)<2, "0", AN41 - AM41 + 1) -> 0 | AP41: =IFERROR(AK41/AO41,0) -> 0 | AQ41: =10.3+11.83+14.44+7.34 -> 43.91 | AV41: =IFERROR(AQ41/AU41,0) -> 0 | BA41: =IF(COUNT(AY41,AZ41)<2, "0", AZ41 - AY41 ) -> 0 | BB41: =IFERROR(AW41/BA41,0) -> 0 | BE41: =AK41+AQ41+AW41+BC41 -> 93.38 | BF41: =AL41+AR41+AX41+BD41 -> 0 | BG41: 12
F42: 10 | H42: 10 | V42: 7 | W42: 7 | X42: 7 | Y42: 7 | Z42: 3
B43: 2011 | C43: 10 | D43: 19.1 | E43: 2 | F43: 3 | G43: 4 | H43: 5 | I43: 6 | J43: 7 | K43: 8 | L43: 9 | M43: 10 | N43: 11 | O43: 12 | P43: 13 | Q43: 14 | R43: 15 | S43: 16 | T43: 17 | U43: 1 | V43: 2 | W43: 3 | X43: 4 | Y43: 5 | Z43: 6 | AA43: 7 | AB43: 8 | AC43: 9 | AD43: 10 | AE43: 11 | AF43: 12 | AG43: 13 | AH43: 14 | AI43: 15 | AJ43: =SUM(D44:AI44) -> 8 | AK43: =13.41 -> 13.41 | AN43: 2 | AO43: =IF(COUNT(AM43,AN43)<2, "0", AN43 - AM43 + 1) -> 0 | AP43: =IFERROR(AK43/AO43,0) -> 0 | AV43: =IFERROR(AQ43/AU43,0) -> 0 | BA43: =IF(COUNT(AY43,AZ43)<2, "0", AZ43 - AY43 ) -> 0 | BB43: =IFERROR(AW43/BA43,0) -> 0 | BE43: =AK43+AQ43+AW43+BC43 -> 13.41 | BF43: =AL43+AR43+AX43+BD43 -> 0 | BG43: 10
U44: 8
B45: 2011 | C45: 13 | D45: 60.8 | E45: 9 | F45: 10 | G45: 11 | H45: 12 | I45: 13 | J45: 1 | K45: 2 | L45: 3 | M45: 4 | N45: 5 | O45: 6 | P45: 7 | Q45: 8 | R45: 9 | S45: 10 | T45: 11 | U45: 12 | V45: 13 | W45: 14 | X45: 15 | Y45: 16 | Z45: 17 | AA45: 18 | AB45: 19 | AC45: 1 | AD45: 2 | AE45: 3 | AF45: 4 | AG45: 5 | AH45: 6 | AI45: 7 | AJ45: =SUM(D46:AI46) -> 71 | AK45: =3.8+12.7+19.26+15.35+8.47 -> 59.58 | AN45: 3 | AO45: =IF(COUNT(AM45,AN45)<2, "0", AN45 - AM45 + 1) -> 0 | AP45: =IFERROR(AK45/AO45,0) -> 0 | AQ45: =10.5+12.5+7.19+9.16+14.02 -> 53.37 | AV45: =IFERROR(AQ45/AU45,0) -> 0 | BA45: =IF(COUNT(AY45,AZ45)<2, "0", AZ45 - AY45 ) -> 0 | BB45: =IFERROR(AW45/BA45,0) -> 0 | BE45: =AK45+AQ45+AW45+BC45 -> 112.95 | BF45: =AL45+AR45+AX45+BD45 -> 0 | BG45: 13
J46: 5 | L46: 10 | M46: 10 | N46: 10 | AC46: 3 | AD46: 7 | AE46: 7 | AF46: 5 | AG46: 7 | AH46: 7
B47: 2011 | C47: 18 | D47: 40.8 | E47: 12 | F47: 13 | G47: 14 | H47: 15 | I47: 1 | J47: 2 | K47: 3 | L47: 4 | M47: 5 | N47: 6 | O47: 7 | P47: 8 | Q47: 9 | R47: 10 | S47: 11 | T47: 12 | U47: 13 | V47: 14 | W47: 15 | X47: 16 | Y47: 17 | Z47: 1 | AA47: 2 | AB47: 3 | AC47: 4 | AD47: 5 | AE47: 6 | AF47: 7 | AG47: 8 | AH47: 9 | AI47: 10 | AJ47: =SUM(D48:AI48) -> 36 | AK47: =22.14+15.72+7.35 -> 45.21 | AN47: 3 | AO47: =IF(COUNT(AM47,AN47)<2, "0", AN47 - AM47 + 1) -> 0 | AP47: =IFERROR(AK47/AO47,0) -> 0 | AQ47: =3.63+13.65+7.32+16.12 -> 40.72 | AV47: =IFERROR(AQ47/AU47,0) -> 0 | BA47: =IF(COUNT(AY47,AZ47)<2, "0", AZ47 - AY47 ) -> 0 | BB47: =IFERROR(AW47/BA47,0) -> 0 | BE47: =AK47+AQ47+AW47+BC47 -> 85.93 | BF47: =AL47+AR47+AX47+BD47 -> 0 | BG47: 18
I48: 10 | J48: 5 | Z48: 4 | AA48: 6 | AB48: 7 | AC48: 4
A49: WENDELINUS | B49: 2015 | C49: 25 | D49: 36.64 | E49: 11 | F49: 12 | G49: 13 | H49: 14 | I49: 1 | J49: 2 | K49: 3 | L49: 4 | M49: 5 | N49: 6 | O49: 7 | P49: 8 | Q49: 9 | R49: 10 | S49: 11 | T49: 12 | U49: 13 | V49: 14 | W49: 15 | X49: 16 | Y49: 17 | Z49: 18 | AA49: 19 | AB49: 20 | AC49: 21 | AD49: 22 | AE49: 23 | AF49: 1 | AG49: 2 | AH49: 3 | AI49: 4 | AJ49: =SUM(D50:AI50) -> 24 | AK49: =6.36+5.91 -> 12.27 | AN49: 1 | AO49: =IF(COUNT(AM49,AN49)<2, "0", AN49 - AM49 + 1) -> 0 | AP49: =IFERROR(AK49/AO49,0) -> 0 | AQ49: =5.99+3.44 -> 9.43 | AV49: =IFERROR(AQ49/AU49,0) -> 0 | BA49: =IF(COUNT(AY49,AZ49)<2, "0", AZ49 - AY49 ) -> 0 | BB49: =IFERROR(AW49/BA49,0) -> 0 | BE49: =AK49+AQ49+AW49+BC49 -> 21.7 | BF49: =AL49+AR49+AX49+BD49 -> 0 | BG49: 25
I50: 3 | J50: 7 | L50: 7 | AF50: 7
C51: 26A | D51: 22.75 | E51: 2 | F51: 3 | G51: 4 | H51: 5 | I51: 6 | J51: 7 | K51: 8 | L51: 9 | M51: 10 | N51: 11 | O51: 12 | P51: 13 | Q51: 14 | R51: 15 | S51: 16 | T51: 17 | U51: 18 | V51: 19 | W51: 20 | X51: 21 | Y51: 1 | Z51: 2 | AA51: 3 | AB51: 4 | AC51: 5 | AD51: 6 | AE51: 7 | AF51: 8 | AG51: 9 | AH51: 10 | AI51: 11 | AJ51: =SUM(D52:AI52) -> 21 | AK51: =10.02 -> 10.02 | AN51: 4 | AO51: =IF(COUNT(AM51,AN51)<2, "0", AN51 - AM51 + 1) -> 0 | AP51: =IFERROR(AK51/AO51,0) -> 0 | AQ51: =3.77+10.12+4.34 -> 18.23 | AV51: =IFERROR(AQ51/AU51,0) -> 0 | BA51: =IF(COUNT(AY51,AZ51)<2, "0", AZ51 - AY51 ) -> 0 | BB51: =IFERROR(AW51/BA51,0) -> 0 | BE51: =AK51+AQ51+AW51+BC51 -> 28.25 | BF51: =AL51+AR51+AX51+BD51 -> 0 | BG51: 26A
E52: 7 | Y52: 7 | Z52: 7
C53: 27 | D53: 35.93 | E53: 13 | F53: 14 | G53: 15 | H53: 1 | I53: 2 | J53: 3 | K53: 4 | L53: 5 | M53: 6 | N53: 7 | O53: 8 | P53: 9 | Q53: 10 | R53: 11 | S53: 12 | T53: 13 | U53: 14 | V53: 15 | W53: 16 | X53: 17 | Y53: 18 | Z53: 19 | AA53: 20 | AB53: 21 | AC53: 22 | AD53: 23 | AE53: 1 | AF53: 2 | AG53: 3 | AH53: 4 | AI53: 5 | AJ53: =SUM(D54:AI54) -> 18 | AK53: =6.55+3.45 -> 10 | AN53: 3 | AO53: =IF(COUNT(AM53,AN53)<2, "0", AN53 - AM53 + 1) -> 0 | AP53: =IFERROR(AK53/AO53,0) -> 0 | AQ53: =6.51+2.49 -> 9 | AV53: =IFERROR(AQ53/AU53,0) -> 0 | BA53: =IF(COUNT(AY53,AZ53)<2, "0", AZ53 - AY53 ) -> 0 | BB53: =IFERROR(AW53/BA53,0) -> 0 | BE53: =AK53+AQ53+AW53+BC53 -> 19 | BF53: =AL53+AR53+AX53+BD53 -> 0 | BG53: 27
H54: 7 | I54: 4 | AE54: 7
C55: 28 | D55: 25.54 | E55: 3 | F55: 4 | G55: 5 | H55: 6 | I55: 7 | J55: 8 | K55: 9 | L55: 10 | M55: 11 | N55: 12 | O55: 13 | P55: 14 | Q55: 15 | R55: 16 | S55: 17 | T55: 18 | U55: 19 | V55: 1 | W55: 2 | X55: 3 | Y55: 4 | Z55: 5 | AA55: 6 | AB55: 7 | AC55: 8 | AD55: 9 | AE55: 10 | AF55: 11 | AG55: 12 | AH55: 13 | AI55: 14 | AJ55: =SUM(D56:AI56) -> 14 | AK55: =12.38+4.29+7.08 -> 23.75 | AN55: 2 | AO55: =IF(COUNT(AM55,AN55)<2, "0", AN55 - AM55 + 1) -> 0 | AP55: =IFERROR(AK55/AO55,0) -> 0 | AV55: =IFERROR(AQ55/AU55,0) -> 0 | BA55: =IF(COUNT(AY55,AZ55)<2, "0", AZ55 - AY55 ) -> 0 | BB55: =IFERROR(AW55/BA55,0) -> 0 | BE55: =AK55+AQ55+AW55+BC55 -> 23.75 | BF55: =AL55+AR55+AX55+BD55 -> 0 | BG55: 28
V56: 7 | X56: 7
C57: 30 | D57: 66.13 | E57: 5 | F57: 6 | G57: 7 | H57: 8 | I57: 9 | J57: 10 | K57: 11 | L57: 12 | M57: 13 | N57: 14 | O57: 15 | P57: 16 | Q57: 17 | R57: 1 | S57: 2 | T57: 3 | U57: 4 | V57: 5 | W57: 6 | X57: 7 | Y57: 8 | Z57: 9 | AA57: 10 | AB57: 11 | AC57: 12 | AD57: 13 | AE57: 14 | AF57: 15 | AG57: 16 | AH57: 17 | AI57: 18 | AJ57: =SUM(D58:AI58) -> 17 | AK57: =5.88+2.91+3.52 -> 12.31 | AN57: 2 | AO57: =IF(COUNT(AM57,AN57)<2, "0", AN57 - AM57 + 1) -> 0 | AP57: =IFERROR(AK57/AO57,0) -> 0 | AV57: =IFERROR(AQ57/AU57,0) -> 0 | BA57: =IF(COUNT(AY57,AZ57)<2, "0", AZ57 - AY57 ) -> 0 | BB57: =IFERROR(AW57/BA57,0) -> 0 | BE57: =AK57+AQ57+AW57+BC57 -> 12.31 | BF57: =AL57+AR57+AX57+BD57 -> 0 | BG57: 30
R58: 3 | S58: 7 | T58: 7
C59: 31 | D59: 34.08 | E59: 6 | F59: 7 | G59: 8 | H59: 9 | I59: 10 | J59: 11 | K59: 12 | L59: 13 | M59: 14 | N59: 15 | O59: 16 | P59: 1 | Q59: 2 | R59: 3 | S59: 4 | T59: 5 | U59: 6 | V59: 7 | W59: 8 | X59: 9 | Y59: 10 | Z59: 11 | AA59: 12 | AB59: 13 | AC59: 14 | AD59: 15 | AE59: 16 | AF59: 17 | AG59: 18 | AH59: 19 | AI59: 20 | AJ59: =SUM(D60:AI60) -> 11 | AK59: =7.3+6.72 -> 14.02 | AN59: 2 | AO59: =IF(COUNT(AM59,AN59)<2, "0", AN59 - AM59 + 1) -> 0 | AP59: =IFERROR(AK59/AO59,0) -> 0 | AV59: =IFERROR(AQ59/AU59,0) -> 0 | BA59: =IF(COUNT(AY59,AZ59)<2, "0", AZ59 - AY59 ) -> 0 | BB59: =IFERROR(AW59/BA59,0) -> 0 | BE59: =AK59+AQ59+AW59+BC59 -> 14.02 | BF59: =AL59+AR59+AX59+BD59 -> 0 | BG59: 31
P60: 7 | R60: 4
B61: 2016 | C61: 33 | D61: 28.72 | E61: 7 | F61: 8 | G61: 9 | H61: 10 | I61: 11 | J61: 12 | K61: 13 | L61: 14 | M61: 1 | N61: 2 | O61: 3 | P61: 4 | Q61: 5 | R61: 6 | S61: 7 | T61: 8 | U61: 9 | V61: 10 | W61: 11 | X61: 12 | Y61: 13 | Z61: 14 | AA61: 15 | AB61: 16 | AC61: 17 | AD61: 18 | AE61: 19 | AF61: 20 | AG61: 1 | AH61: 2 | AI61: 3 | AJ61: =SUM(D62:AI62) -> 42 | AK61: =3.23+10.67+6.7+3.98 -> 24.58 | AN61: 3 | AO61: =IF(COUNT(AM61,AN61)<2, "0", AN61 - AM61 + 1) -> 0 | AP61: =IFERROR(AK61/AO61,0) -> 0 | AQ61: =7.88+7.3+10.26 -> 25.44 | AV61: =IFERROR(AQ61/AU61,0) -> 0 | BA61: =IF(COUNT(AY61,AZ61)<2, "0", AZ61 - AY61 ) -> 0 | BB61: =IFERROR(AW61/BA61,0) -> 0 | BE61: =AK61+AQ61+AW61+BC61 -> 50.02 | BF61: =AL61+AR61+AX61+BD61 -> 0 | BG61: 33
M62: 7 | N62: 7 | O62: 7 | AG62: 7 | AH62: 7 | AI62: 7
B63: 2016 | C63: 39 | D63: 1.48 | E63: 4 | F63: 5 | G63: 6 | H63: 7 | I63: 8 | J63: 9 | K63: 10 | L63: 11 | M63: 12 | N63: 13 | O63: 14 | P63: 15 | Q63: 16 | R63: 17 | S63: 18 | T63: 19 | U63: 1 | V63: 2 | W63: 3 | X63: 4 | Y63: 5 | Z63: 6 | AA63: 7 | AB63: 8 | AC63: 9 | AD63: 10 | AE63: 11 | AF63: 12 | AG63: 13 | AH63: 14 | AI63: 15 | AJ63: =SUM(D64:AI64) -> 7 | AK63: =2.39 -> 2.39 | AN63: 1 | AO63: =IF(COUNT(AM63,AN63)<2, "0", AN63 - AM63 + 1) -> 0 | AP63: =IFERROR(AK63/AO63,0) -> 0 | AV63: =IFERROR(AQ63/AU63,0) -> 0 | BA63: =IF(COUNT(AY63,AZ63)<2, "0", AZ63 - AY63 ) -> 0 | BB63: =IFERROR(AW63/BA63,0) -> 0 | BE63: =AK63+AQ63+AW63+BC63 -> 2.39 | BF63: =AL63+AR63+AX63+BD63 -> 0 | BG63: 39
U64: 7
A65: YUDI | B65: 2010 | C65: 2 | D65: 60.4 | E65: 11 | F65: 12 | G65: 13 | H65: 14 | I65: 15 | J65: 16 | K65: 17 | L65: 18 | M65: 19 | N65: 20 | O65: 21 | P65: 22 | Q65: 23 | R65: 1 | S65: 2 | T65: 3 | U65: 4 | V65: 5 | W65: 6 | X65: 7 | Y65: 8 | Z65: 9 | AA65: 10 | AB65: 11 | AC65: 12 | AD65: 13 | AE65: 14 | AF65: 15 | AG65: 16 | AH65: 17 | AI65: 18 | AJ65: =SUM(D66:AI66) -> 71 | AK65: =4.59+4.45+3.44+3.36+4.82+3.73+3.43+4+9.45+3.49+2.94+2.82+6.79 -> 57.31 | AN65: 14 | AO65: =IF(COUNT(AM65,AN65)<2, "0", AN65 - AM65 + 1) -> 0 | AP65: =IFERROR(AK65/AO65,0) -> 0 | AV65: =IFERROR(AQ65/AU65,0) -> 0 | BA65: =IF(COUNT(AY65,AZ65)<2, "0", AZ65 - AY65 ) -> 0 | BB65: =IFERROR(AW65/BA65,0) -> 0 | BE65: =AK65+AQ65+AW65+BC65 -> 57.31 | BF65: =AL65+AR65+AX65+BD65 -> 0 | BG65: 2
R66: 4 | S66: 4 | T66: 4 | U66: 4 | V66: 4 | W66: 4 | X66: 3 | Y66: 4 | Z66: 4 | AA66: 4 | AB66: 4 | AC66: 4 | AD66: 4 | AE66: 4 | AF66: 4 | AG66: 4 | AH66: 4 | AI66: 4
B67: 2010 | C67: 11 | D67: 44.5 | E67: 3 | F67: 4 | G67: 5 | H67: 6 | I67: 7 | J67: 8 | K67: 9 | L67: 10 | M67: 11 | N67: 12 | O67: 13 | P67: 14 | Q67: 15 | R67: 16 | S67: 17 | T67: 18 | U67: 19 | V67: 20 | W67: 21 | X67: 22 | Y67: 23 | Z67: 24 | AA67: 25 | AB67: 26 | AC67: 27 | AD67: 28 | AE67: 29 | AF67: 30 | AG67: 31 | AH67: 32 | AI67: 33 | AJ67: =SUM(D68:AI68) -> 36 | AK67: =3.66+3.79+7.8+3.66+3.71+4.15+5.65 -> 32.42 | AN67: 2 | AO67: =IF(COUNT(AM67,AN67)<2, "0", AN67 - AM67 + 1) -> 0 | AP67: =IFERROR(AK67/AO67,0) -> 0 | AV67: =IFERROR(AQ67/AU67,0) -> 0 | BA67: =IF(COUNT(AY67,AZ67)<2, "0", AZ67 - AY67 ) -> 0 | BB67: =IFERROR(AW67/BA67,0) -> 0 | BE67: =AK67+AQ67+AW67+BC67 -> 32.42 | BF67: =AL67+AR67+AX67+BD67 -> 0 | BG67: 11
F68: 4 | G68: 4 | H68: 4 | I68: 4 | J68: 4 | L68: 4 | M68: 4 | N68: 4 | O68: 4
B69: 2015 | C69: 29 | D69: 11.38 | E69: 15 | F69: 16 | G69: 1 | H69: 2 | I69: 3 | J69: 4 | K69: 5 | L69: 6 | M69: 7 | N69: 8 | O69: 9 | P69: 10 | Q69: 11 | R69: 12 | S69: 13 | T69: 14 | U69: 15 | V69: 16 | W69: 17 | X69: 18 | Y69: 19 | Z69: 20 | AA69: 1 | AB69: 2 | AC69: 3 | AD69: 4 | AE69: 5 | AF69: 6 | AG69: 7 | AH69: 8 | AI69: 9 | AJ69: =SUM(D70:AI70) -> 21 | AK69: =4.74 -> 4.74 | AN69: 2 | AO69: =IF(COUNT(AM69,AN69)<2, "0", AN69 - AM69 + 1) -> 0 | AP69: =IFERROR(AK69/AO69,0) -> 0 | AQ69: =6.76+3.62 -> 10.38 | AV69: =IFERROR(AQ69/AU69,0) -> 0 | BA69: =IF(COUNT(AY69,AZ69)<2, "0", AZ69 - AY69 ) -> 0 | BB69: =IFERROR(AW69/BA69,0) -> 0 | BE69: =AK69+AQ69+AW69+BC69 -> 15.12 | BF69: =AL69+AR69+AX69+BD69 -> 0 | BG69: 29
G70: 7 | AA70: 7 | AB70: 7
B71: 2014 | C71: 105 | E71: 526 | F71: 527 | G71: 528 | H71: 529 | I71: 530 | J71: 531 | K71: 532 | L71: 533 | M71: 534 | N71: 535 | O71: 536 | P71: 537 | Q71: 538 | R71: 539 | S71: 540 | T71: 541 | U71: 542 | V71: 543 | W71: 544 | X71: 545 | Y71: 546 | Z71: 547 | AA71: 548 | AB71: 549 | AC71: 550 | AD71: 551 | AE71: 552 | AF71: 553 | AG71: 554 | AH71: 555 | AI71: 556 | AJ71: =SUM(D72:AI72) -> 0 | BE71: =AK71+AQ71+AW71+BC71 -> 0 | BF71: =AL71+AR71+AX71+BD71 -> 0 | BG71: 105
B73: 2008 | C73: 114 | E73: 526 | F73: 527 | G73: 528 | H73: 529 | I73: 530 | J73: 531 | K73: 532 | L73: 533 | M73: 534 | N73: 535 | O73: 536 | P73: 537 | Q73: 538 | R73: 539 | S73: 540 | T73: 541 | U73: 542 | V73: 543 | W73: 544 | X73: 545 | Y73: 546 | Z73: 547 | AA73: 548 | AB73: 549 | AC73: 550 | AD73: 551 | AE73: 552 | AF73: 553 | AG73: 554 | AH73: 555 | AI73: 556 | AJ73: =SUM(D74:AI74) -> 0 | BE73: =AK73+AQ73+AW73+BC73 -> 0 | BF73: =AL73+AR73+AX73+BD73 -> 0 | BG73: 114
A75: TOTAL MANDAYS TODAY | E75: =E6+E8+E10+E12+E14+E16+E18+E20+E22+E24+E26+E28+E30+E32+E34+E36+E38+E40+E42+E44+E46+E48+E50+E52+E54+E56+E58+E60+E62+E68+E64+E66+E70+E72+E74 -> 23 | F75: =F6+F8+F10+F12+F14+F16+F18+F20+F22+F24+F26+F28+F30+F32+F34+F36+F38+F40+F42+F44+F46+F48+F50+F52+F54+F56+F58+F60+F62+F68+F64+F66+F70+F72+F74 -> 23 | G75: =G6+G8+G10+G12+G14+G16+G18+G20+G22+G24+G26+G28+G30+G32+G34+G36+G38+G40+G42+G44+G46+G48+G50+G52+G54+G56+G58+G60+G62+G68+G64+G66+G70+G72+G74 -> 39 | H75: =H6+H8+H10+H12+H14+H16+H18+H20+H22+H24+H26+H28+H30+H32+H34+H36+H38+H40+H42+H44+H46+H48+H50+H52+H54+H56+H58+H60+H62+H68+H64+H66+H70+H72+H74 -> 53 | I75: =I6+I8+I10+I12+I14+I16+I18+I20+I22+I24+I26+I28+I30+I32+I34+I36+I38+I40+I42+I44+I46+I48+I50+I52+I54+I56+I58+I60+I62+I68+I64+I66+I70+I72+I74 -> 52 | J75: =J6+J8+J10+J12+J14+J16+J18+J20+J22+J24+J26+J28+J30+J32+J34+J36+J38+J40+J42+J44+J46+J48+J50+J52+J54+J56+J58+J60+J62+J68+J64+J66+J70+J72+J74 -> 55 | K75: =K6+K8+K10+K12+K14+K16+K18+K20+K22+K24+K26+K28+K30+K32+K34+K36+K38+K40+K42+K44+K46+K48+K50+K52+K54+K56+K58+K60+K62+K68+K64+K66+K70+K72+K74 -> 0 | L75: =L6+L8+L10+L12+L14+L16+L18+L20+L22+L24+L26+L28+L30+L32+L34+L36+L38+L40+L42+L44+L46+L48+L50+L52+L54+L56+L58+L60+L62+L68+L64+L66+L70+L72+L74 -> 36 | ... AI75: =AI6+AI8+AI10+AI12+AI14+AI16+AI18+AI20+AI22+AI24+AI26+AI28+AI30+AI32+AI34+AI36+AI38+AI40+AI42+AI44+AI46+AI48+AI50+AI52+AI54+AI56+AI58+AI60+AI62+AI68+AI64+AI66+AI70+AI72+AI74 -> 51 | AJ75: SUB TOTAL (MT) | AK75: =SUM(AK5:AK74) -> 1311.06 | AL75: =SUM(AL5:AL74) -> 0 | AO75: =SUM(AO5:AO74) -> 0 | AP75: =AK75/AO75 -> #DIV/0! | AQ75: =SUM(AQ5:AQ74) -> 659.65 | AR75: =SUM(AR5:AR74) -> 0 | AU75: =SUM(AU5:AU74) -> 0 | AV75: =AQ75/AU75 -> #DIV/0! | AW75: =SUM(AW5:AW74) -> 0 | AX75: =SUM(AX5:AX74) -> 0 | BA75: =SUM(BA5:BA74) -> 0 | BB75: =AW75/BA75 -> #DIV/0! | BC75: =SUM(BC5:BC74) -> 0 | BD75: =SUM(BD5:BD74) -> 0 | BE75: =BE5+BE7+BE9+BE11+BE13+BE15+BE17+BE19+BE21+BE23+BE25+BE27+BE29+BE31+BE33+BE35+BE37+BE39+BE41+BE43+BE45+BE47+BE49+BE51+BE53+BE55+BE57+BE59+BE61+BE63+BE65+BE67+BE71+BE73+BE69 -> 1970.71 | BF75: =BF5+BF7+BF9+BF11+BF13+BF15+BF17+BF19+BF21+BF23+BF25+BF27+BF29+BF31+BF33+BF35+BF37+BF39+BF41+BF43+BF45+BF47+BF49+BF51+BF53+BF55+BF57+BF59+BF61+BF63+BF65+BF67+BF69+BF71+BF73 -> 0
A76: TOTAL MANDAYS TODATE | E76: =E75 -> 23 | F76: =E76+F75 -> 46 | G76: =F76+G75 -> 85 | H76: =G76+H75 -> 138 | I76: =H76+I75 -> 190 | J76: =I76+J75 -> 245 | K76: =J76+K75 -> 245 | L76: =K76+L75 -> 281 | M76: =L76+M75 -> 336 | ... AI76: =AH76+AI75 -> 1335
A77: AVERAGE HARVESTING INTERVAL | AJ77: GRAND TOTAL(MT) : | BE77: =BE75+BF75 -> 1970.71
E79: REMARK

Sheet HARVESTING INTERVAL- JAN 26
AQ2: MONTH : | BC2: OCTOBER
A3: GANG | B3: YEAR | C3: BLOCK | D3: HA | E3: 1 | F3: 2 | G3: 3 | H3: 4 | I3: 5 | J3: 6 | K3: 7 | L3: 8 | M3: 9 | N3: 10 | O3: 11 | P3: 12 | Q3: 13 | R3: 14 | S3: 15 | T3: 16 | U3: 17 | V3: 18 | W3: 19 | X3: 20 | Y3: 21 | Z3: 22 | AA3: 23 | AB3: 24 | AC3: 25 | AD3: 26 | AE3: 27 | AF3: 28 | AG3: 29 | AH3: 30 | AI3: 31 | AJ3: TOTAL MANDAY | AK3: 1ST RD | AQ3: 2ND RD | AW3: 3RD RD | BC3: 4TH RD | BE3: FFB&LF PRODUCTION | BG3: BLOCK
C4: NO | AK4: FFB/MT | AL4: LF/MT | AM4: START DATE | AN4: END DATE DATE | AO4: DAYS TAKEN | AP4: AVG HARVEST PER DAY | AQ4: FFB/MT | AR4: LF/MT | AS4: START DATE | AT4: END DATE DATE | AU4: DAYS TAKEN | AV4: AVG HARVEST PER DAY | AW4: FFB/MT | AX4: LF/MT | AY4: START DATE | AZ4: END DATE DATE | BA4: DAYS TAKEN | BB4: AVG HARVEST PER DAY | BC4: FFB/MT | BD4: LF/MT | BE4: FFB/MT | BF4: LF/MT | BG4: NO
A5: YUVENTUS GANG | B5: 2010 | C5: 1 | D5: 53.2 | E5: 11 | F5: 12 | G5: 13 | H5: 14 | I5: 15 | J5: 16 | K5: 17 | L5: 18 | M5: 19 | N5: 20 | O5: 21 | P5: 1 | Q5: 2 | R5: 3 | S5: 4 | T5: 5 | U5: 6 | V5: 7 | W5: 8 | X5: 9 | Y5: 10 | Z5: 11 | AA5: 12 | AB5: 13 | AC5: 14 | AD5: 1 | AE5: 2 | AF5: 3 | AG5: 4 | AH5: 5 | AI5: 6 | AJ5: =SUM(D6:AI6) -> 80 | AK5: =5.31+12.83+6.99+4.8+15.31+13.79+12.16+13.36+13.17+13.33 -> 111.05 | AO5: =IF(COUNT(AM5,AN5)<2, "0", AN5 - AM5 + 1) -> 0 | AP5: =IFERROR((AK5+AL5)/AO5,0) -> 0 | AQ5: =10.16+14.46+16.01 -> 40.63 | AU5: =IF(COUNT(AS5,AT5)<2, "0", AT5 - AS5 ) -> 0 | AV5: =IFERROR((AQ5+AR5)/AU5,0) -> 0 | BA5: =IF(COUNT(AY5,AZ5)<2, "0", AZ5 - AY5 ) -> 0 | BB5: =IFERROR((AW5+AX5)/BA5,0) -> 0 | BE5: =AK5+AQ5+AW5+BC5 -> 151.68 | BF5: =AL5+AR5+AX5+BD5 -> 0 | BG5: 3
P6: 8 | Q6: 10 | R6: 9 | S6: 10 | U6: 7 | AD6: 7 | AE6: 9 | AF6: 10 | AG6: 10
B7: 2010 | C7: 3 | D7: 69.2 | E7: 18 | F7: 19 | G7: 20 | H7: 21 | I7: 22 | J7: 23 | K7: 1 | L7: 2 | M7: 3 | N7: 4 | O7: 5 | P7: 6 | Q7: 7 | R7: 8 | S7: 9 | T7: 10 | U7: 11 | V7: 12 | W7: 13 | X7: 14 | Y7: 15 | Z7: 1 | AA7: 2 | AB7: 3 | AC7: 4 | AD7: 5 | AE7: 6 | AF7: 7 | AG7: 8 | AH7: 9 | AI7: 10 | AJ7: =SUM(D8:AI8) -> 72 | AK7: =14.8+13.78+12.61+7.06+4.93+4.83+7.92 -> 65.93 | AO7: =IF(COUNT(AM7,AN7)<2, "0", AN7 - AM7 + 1) -> 0 | AP7: =IFERROR((AK7+AL7)/AO7,0) -> 0 | AQ7: =4.91+8.29+2.94 -> 16.14 | AU7: =IF(COUNT(AS7,AT7)<2, "0", AT7 - AS7 ) -> 0 | AV7: =IFERROR((AQ7+AR7)/AU7,0) -> 0 | BA7: =IF(COUNT(AY7,AZ7)<2, "0", AZ7 - AY7 ) -> 0 | BB7: =IFERROR((AW7+AX7)/BA7,0) -> 0 | BE7: =AK7+AQ7+AW7+BC7 -> 82.07 | BF7: =AL7+AR7+AX7+BD7 -> 0 | BG7: 1
K8: 9 | L8: 10 | M8: 10 | N8: 9 | O8: 10 | Z8: 5 | AA8: 9 | AB8: 10
B9: 2011 | C9: 14 | D9: 41.6 | E9: 2 | F9: 3 | G9: 4 | H9: 5 | I9: 6 | J9: 7 | K9: 8 | L9: 9 | M9: 10 | N9: 11 | O9: 12 | P9: 13 | Q9: 14 | R9: 15 | S9: 16 | T9: 17 | U9: 18 | V9: 1 | W9: 2 | X9: 3 | Y9: 4 | Z9: 5 | AA9: 6 | AB9: 7 | AC9: 8 | AD9: 9 | AE9: 10 | AF9: 11 | AG9: 12 | AH9: 13 | AI9: 1 | AJ9: =SUM(D10:AI10) -> 77 | AK9: =9.42+13.81+19.73+16.8 -> 59.76 | AO9: =IF(COUNT(AM9,AN9)<2, "0", AN9 - AM9 + 1) -> 0 | AP9: =IFERROR((AK9+AL9)/AO9,0) -> 0 | AQ9: =4.48+9.32+16.37+3.98 -> 34.15 | AU9: =IF(COUNT(AS9,AT9)<2, "0", AT9 - AS9 ) -> 0 | AV9: =IFERROR((AQ9+AR9)/AU9,0) -> 0 | BA9: =IF(COUNT(AY9,AZ9)<2, "0", AZ9 - AY9 ) -> 0 | BB9: =IFERROR((AW9+AX9)/BA9,0) -> 0 | BE9: =AK9+AQ9+AW9+BC9 -> 93.91 | BF9: =AL9+AR9+AX9+BD9 -> 0 | BG9: 14
G10: 6 | H10: 9 | I10: 7 | J10: 10 | V10: 8 | W10: 9 | X10: 9 | Y10: 9 | Z10: 4 | AI10: 6
A11: SOFIO MODENTUS MISSA GANG | B11: 2010 | C11: 4 | D11: 70.6 | E11: 21 | F11: 22 | G11: 23 | H11: 24 | I11: 1 | J11: 2 | K11: 3 | L11: 4 | M11: 5 | N11: 6 | O11: 7 | P11: 8 | Q11: 9 | R11: 10 | S11: 11 | T11: 12 | U11: 13 | V11: 14 | W11: 1 | X11: 2 | Y11: 3 | Z11: 4 | AA11: 5 | AB11: 6 | AC11: 7 | AD11: 8 | AE11: 9 | AF11: 10 | AG11: 11 | AH11: 12 | AI11: 13 | AJ11: =SUM(D12:AI12) -> 59 | AK11: =14.78+12.09+4.37+4.45+16.8+18.04 -> 70.53 | AO11: =IF(COUNT(AM11,AN11)<2, "0", AN11 - AM11 + 1) -> 0 | AP11: =IFERROR((AK11+AL11)/AO11,0) -> 0 | AU11: =IF(COUNT(AS11,AT11)<2, "0", AT11 - AS11 ) -> 0 | AV11: =IFERROR((AQ11+AR11)/AU11,0) -> 0 | BA11: =IF(COUNT(AY11,AZ11)<2, "0", AZ11 - AY11 ) -> 0 | BB11: =IFERROR((AW11+AX11)/BA11,0) -> 0 | BE11: =AK11+AQ11 -> 70.53 | BF11: =AL11+AR11+AX11+BD11 -> 0 | BG11: 4
I12: 12 | J12: 12 | K12: 11 | W12: 12 | X12: 12
B13: 2010 | C13: 5 | D13: 54.3 | E13: 4 | F13: 5 | G13: 6 | H13: 7 | I13: 8 | J13: 9 | K13: 10 | L13: 11 | M13: 12 | N13: 13 | O13: 14 | P13: 15 | Q13: 16 | R13: 17 | S13: 1 | T13: 2 | U13: 3 | V13: 4 | W13: 5 | X13: 6 | Y13: 7 | Z13: 8 | AA13: 9 | AB13: 10 | AC13: 11 | AD13: 12 | AE13: 1 | AF13: 2 | AG13: 3 | AH13: 4 | AI13: 5 | AJ13: =SUM(D14:AI14) -> 52 | AK13: =10.27+22.35+4.51 -> 37.13 | AO13: =IF(COUNT(AM13,AN13)<2, "0", AN13 - AM13 + 1) -> 0 | AP13: =IFERROR((AK13+AL13)/AO13,0) -> 0 | AQ13: =4.43+16.99+17.74 -> 39.16 | AU13: =IF(COUNT(AS13,AT13)<2, "0", AT13 - AS13 ) -> 0 | AV13: =IFERROR((AQ13+AR13)/AU13,0) -> 0 | BA13: =IF(COUNT(AY13,AZ13)<2, "0", AZ13 - AY13 ) -> 0 | BB13: =IFERROR((AW13+AX13)/BA13,0) -> 0 | BE13: =AK13+AQ13+AW13+BC13 -> 76.29 | BF13: =AL13+AR13+AX13+BD13 -> 0 | BG13: 5
G14: 10 | S14: 6 | U14: 12 | V14: 12 | AE14: 12
B15: 2010 | C15: 6 | D15: 58.6 | E15: 10 | F15: 11 | G15: 12 | H15: 13 | I15: 14 | J15: 15 | K15: 16 | L15: 17 | M15: 18 | N15: 19 | O15: 20 | P15: 1 | Q15: 2 | R15: 3 | S15: 4 | T15: 5 | U15: 6 | V15: 7 | W15: 8 | X15: 9 | Y15: 10 | Z15: 11 | AA15: 1 | AB15: 2 | AC15: 3 | AD15: 4 | AE15: 5 | AF15: 6 | AG15: 7 | AH15: 8 | AI15: 9 | AJ15: =SUM(D16:AI16) -> 71 | AK15: =4.14+4.46+21.26+5.04+9.28 -> 44.18 | AO15: =IF(COUNT(AM15,AN15)<2, "0", AN15 - AM15 + 1) -> 0 | AP15: =IFERROR((AK15+AL15)/AO15,0) -> 0 | AQ15: =17.6+13.21+2.73+9.51+20.34 -> 63.39 | AU15: =IF(COUNT(AS15,AT15)<2, "0", AT15 - AS15 ) -> 0 | AV15: =IFERROR((AQ15+AR15)/AU15,0) -> 0 | BA15: =IF(COUNT(AY15,AZ15)<2, "0", AZ15 - AY15 ) -> 0 | BB15: =IFERROR((AW15+AX15)/BA15,0) -> 0 | BE15: =AK15+AQ15+AW15+BC15 -> 107.57 | BF15: =AL15+AR15+AX15+BD15 -> 0 | BG15: 6
P16: 12 | Q16: 11 | R16: 12 | S16: 6 | AA16: 6 | AB16: 12 | AD16: 12
B17: 2010 | C17: 7 | D17: 23.6 | E17: 21 | F17: 22 | G17: 23 | H17: 1 | I17: 2 | J17: 3 | K17: 4 | L17: 5 | M17: 6 | N17: 7 | O17: 8 | P17: 9 | Q17: 10 | R17: 11 | S17: 12 | T17: 13 | U17: 14 | V17: 15 | W17: 16 | X17: 17 | Y17: 18 | Z17: 19 | AA17: 20 | AB17: 21 | AC17: 22 | AD17: 23 | AE17: 24 | AF17: 25 | AG17: 26 | AH17: 27 | AI17: 28 | AJ17: =SUM(D18:AI18) -> 12 | AK17: =12.72+12.93 -> 25.65 | AO17: =IF(COUNT(AM17,AN17)<2, "0", AN17 - AM17 + 1) -> 0 | AP17: =IFERROR((AK17+AL17)/AO17,0) -> 0 | AQ17: =12.39+7.33 -> 19.72 | AU17: =IF(COUNT(AS17,AT17)<2, "0", AT17 - AS17 ) -> 0 | AV17: =IFERROR((AQ17+AR17)/AU17,0) -> 0 | BA17: =IF(COUNT(AY17,AZ17)<2, "0", AZ17 - AY17 ) -> 0 | BB17: =IFERROR((AW17+AX17)/BA17,0) -> 0 | BE17: =AK17+AQ17+AW17+BC17 -> 45.37 | BF17: =AL17+AR17+AX17+BD17 -> 0 | BG17: 7
H18: 12
B19: 2010 | C19: 23 | D19: 14.6 | E19: 12 | F19: 13 | G19: 14 | H19: 15 | I19: 16 | J19: 17 | K19: 18 | L19: 19 | M19: 20 | N19: 21 | O19: 1 | P19: 2 | Q19: 3 | R19: 4 | S19: 5 | T19: 6 | U19: 7 | V19: 8 | W19: 9 | X19: 10 | Y19: 11 | Z19: 12 | AA19: 1 | AB19: 2 | AC19: 3 | AD19: 4 | AE19: 5 | AF19: 6 | AG19: 7 | AH19: 8 | AI19: 9 | AJ19: =SUM(D20:AI20) -> 18 | AK19: =4 -> 4 | AO19: =IF(COUNT(AM19,AN19)<2, "0", AN19 - AM19 + 1) -> 0 | AP19: =IFERROR((AK19+AL19)/AO19,0) -> 0 | AQ19: =8.9+8.76 -> 17.66 | AU19: =IF(COUNT(AS19,AT19)<2, "0", AT19 - AS19 ) -> 0 | AV19: =IFERROR((AQ19+AR19)/AU19,0) -> 0 | BA19: =IF(COUNT(AY19,AZ19)<2, "0", AZ19 - AY19 ) -> 0 | BB19: =IFERROR((AW19+AX19)/BA19,0) -> 0 | BE19: =AK19+AQ19+AW19+BC19 -> 21.66 | BF19: =AL19+AR19+AX19+BD19 -> 0 | BG19: 23
O20: 12 | AA20: 6
B21: 2012 | C21: 24 | D21: 44.7 | E21: 16 | F21: 17 | G21: 18 | H21: 19 | I21: 20 | J21: 21 | K21: 22 | L21: 1 | M21: 2 | N21: 3 | O21: 4 | P21: 5 | Q21: 6 | R21: 7 | S21: 8 | T21: 9 | U21: 10 | V21: 11 | W21: 12 | X21: 13 | Y21: 1 | Z21: 2 | AA21: 3 | AB21: 4 | AC21: 5 | AD21: 6 | AE21: 7 | AF21: 8 | AG21: 9 | AH21: 10 | AI21: 11 | AJ21: =SUM(D22:AI22) -> 55 | AK21: =4.19+16.94+8.48 -> 29.61 | AO21: =IF(COUNT(AM21,AN21)<2, "0", AN21 - AM21 + 1) -> 0 | AP21: =IFERROR((AK21+AL21)/AO21,0) -> 0 | AQ21: =8.69+4.34+4.66+9.01+26.89+4.36 -> 57.95 | AU21: =IF(COUNT(AS21,AT21)<2, "0", AT21 - AS21 ) -> 0 | AV21: =IFERROR((AQ21+AR21)/AU21,0) -> 0 | BA21: =IF(COUNT(AY21,AZ21)<2, "0", AZ21 - AY21 ) -> 0 | BB21: =IFERROR((AW21+AX21)/BA21,0) -> 0 | BE21: =AK21+AQ21+AW21+BC21 -> 87.56 | BF21: =AL21+AR21+AX21+BD21 -> 0 | BG21: 24
L22: 11 | M22: 12 | N22: 10 | Y22: 10 | Z22: 12
A23: DARSO GANG | B23: 2011 | C23: 15 | D23: 49.3 | E23: 8 | F23: 9 | G23: 10 | H23: 11 | I23: 12 | J23: 13 | K23: 14 | L23: 1 | M23: 2 | N23: 3 | O23: 4 | P23: 5 | Q23: 6 | R23: 7 | S23: 8 | T23: 9 | U23: 10 | V23: 1 | W23: 2 | X23: 3 | Y23: 4 | Z23: 5 | AA23: 6 | AB23: 7 | AC23: 8 | AD23: 9 | AE23: 10 | AF23: 1 | AG23: 2 | AH23: 3 | AI23: 4 | AJ23: =SUM(D24:AI24) -> 56 | AK23: =3.91+7.65+8.61+4.31+9.17+7.78+17.04+3.78 -> 62.25 | AO23: =IF(COUNT(AM23,AN23)<2, "0", AN23 - AM23 + 1) -> 0 | AP23: =IFERROR((AK23+AL23)/AO23,0) -> 0 | AQ23: =4.42+4.32 -> 8.74 | AU23: =IF(COUNT(AS23,AT23)<2, "0", AT23 - AS23 ) -> 0 | AV23: =IFERROR((AQ23+AR23)/AU23,0) -> 0 | BA23: =IF(COUNT(AY23,AZ23)<2, "0", AZ23 - AY23 ) -> 0 | BB23: =IFERROR((AW23+AX23)/BA23,0) -> 0 | BE23: =AK23+AQ23+AW23+BC23 -> 70.99 | BF23: =AL23+AR23+AX23+BD23 -> 0 | BG23: 2
L24: 7 | M24: 13 | V24: 15 | AF24: 15 | AG24: 6
B25: 2011 | C25: 16 | D25: 50.4 | E25: 11 | F25: 12 | G25: 13 | H25: 14 | I25: 15 | J25: 16 | K25: 1 | L25: 2 | M25: 3 | N25: 4 | O25: 5 | P25: 6 | Q25: 7 | R25: 8 | S25: 9 | T25: 10 | U25: 1 | V25: 2 | W25: 3 | X25: 4 | Y25: 5 | Z25: 6 | AA25: 7 | AB25: 8 | AC25: 9 | AD25: 10 | AE25: 1 | AF25: 2 | AG25: 3 | AH25: 4 | AI25: 5 | AJ25: =SUM(D26:AI26) -> 51 | AK25: =4.3+23.34+6.57 -> 34.21 | AO25: =IF(COUNT(AM25,AN25)<2, "0", AN25 - AM25 + 1) -> 0 | AP25: =IFERROR((AK25+AL25)/AO25,0) -> 0 | AQ25: =3.87+7.9+14.51 -> 26.28 | AU25: =IF(COUNT(AS25,AT25)<2, "0", AT25 - AS25 ) -> 0 | AV25: =IFERROR((AQ25+AR25)/AU25,0) -> 0 | BA25: =IF(COUNT(AY25,AZ25)<2, "0", AZ25 - AY25 ) -> 0 | BB25: =IFERROR((AW25+AX25)/BA25,0) -> 0 | BE25: =AK25+AQ25+AW25+BC25 -> 60.49 | BF25: =AL25+AR25+AX25+BD25 -> 0 | BG25: 15
K26: 13 | L26: 6 | U26: 16 | AE26: 16
B27: 2011 | C27: 17 | D27: 45.7 | E27: 12 | F27: 13 | G27: 14 | H27: 15 | I27: 16 | J27: 1 | K27: 2 | L27: 3 | M27: 4 | N27: 5 | O27: 6 | P27: 7 | Q27: 8 | R27: 9 | S27: 1 | T27: 2 | U27: 3 | V27: 4 | W27: 5 | X27: 6 | Y27: 7 | Z27: 8 | AA27: 9 | AB27: 10 | AC27: 11 | AD27: 1 | AE27: 2 | AF27: 3 | AG27: 4 | AH27: 5 | AI27: 6 | AJ27: =SUM(D28:AI28) -> 49 | AK27: =13.01+15.59 -> 28.6 | AO27: =IF(COUNT(AM27,AN27)<2, "0", AN27 - AM27 + 1) -> 0 | AP27: =IFERROR((AK27+AL27)/AO27,0) -> 0 | AQ27: =16.72+10.63 -> 27.35 | AU27: =IF(COUNT(AS27,AT27)<2, "0", AT27 - AS27 ) -> 0 | AV27: =IFERROR((AQ27+AR27)/AU27,0) -> 0 | AW27: =19.2+12.51 -> 31.71 | BA27: =IF(COUNT(AY27,AZ27)<2, "0", AZ27 - AY27 ) -> 0 | BB27: =IFERROR((AW27+AX27)/BA27,0) -> 0 | BE27: =AK27+AQ27+AW27+BC27 -> 87.66 | BF27: =AL27+AR27+AX27+BD27 -> 0 | BG27: 16
J28: 17 | S28: 17 | AD28: 15
B29: 2012 | C29: 19 | D29: 50.6 | E29: 6 | F29: 7 | G29: 8 | H29: 9 | I29: 10 | J29: 11 | K29: 12 | L29: 13 | M29: 14 | N29: 1 | O29: 2 | P29: 3 | Q29: 4 | R29: 5 | S29: 6 | T29: 7 | U29: 8 | V29: 9 | W29: 10 | X29: 1 | Y29: 2 | Z29: 3 | AA29: 4 | AB29: 5 | AC29: 6 | AD29: 7 | AE29: 8 | AF29: 9 | AG29: 1 | AH29: 2 | AI29: 3 | AJ29: =SUM(D30:AI30) -> 40 | AK29: =7.81+21.04 -> 28.85 | AO29: =IF(COUNT(AM29,AN29)<2, "0", AN29 - AM29 + 1) -> 0 | AP29: =IFERROR((AK29+AL29)/AO29,0) -> 0 | AQ29: =11.99+15.65+7.82 -> 35.46 | AU29: =IF(COUNT(AS29,AT29)<2, "0", AT29 - AS29 ) -> 0 | AV29: =IFERROR((AQ29+AR29)/AU29,0) -> 0 | AW29: =11.06+21.52 -> 32.58 | BA29: =IF(COUNT(AY29,AZ29)<2, "0", AZ29 - AY29 ) -> 0 | BB29: =IFERROR((AW29+AX29)/BA29,0) -> 0 | BE29: =AK29+AQ29+AW29+BC29 -> 96.89 | BF29: =AL29+AR29+AX29+BD29 -> 0 | BG29: 17
N30: 15 | X30: 15 | AG30: 10
B31: 2012 | C31: 20 | D31: 62.1 | E31: 5 | F31: 6 | G31: 7 | H31: 8 | I31: 9 | J31: 10 | K31: 11 | L31: 12 | M31: 13 | N31: 14 | O31: 1 | P31: 2 | Q31: 3 | R31: 4 | S31: 5 | T31: 6 | U31: 7 | V31: 8 | W31: 9 | X31: 10 | Y31: 1 | Z31: 2 | AA31: 3 | AB31: 4 | AC31: 5 | AD31: 6 | AE31: 7 | AF31: 8 | AG31: 9 | AH31: 10 | AI31: 11 | AJ31: =SUM(D32:AI32) -> 50 | AK31: =11.65+8.75+3.97+8.66+7.07 -> 40.1 | AO31: =IF(COUNT(AM31,AN31)<2, "0", AN31 - AM31 + 1) -> 0 | AP31: =IFERROR((AK31+AL31)/AO31,0) -> 0 | AQ31: =9.11 -> 9.11 | AU31: =IF(COUNT(AS31,AT31)<2, "0", AT31 - AS31 ) -> 0 | AV31: =IFERROR((AQ31+AR31)/AU31,0) -> 0 | BA31: =IF(COUNT(AY31,AZ31)<2, "0", AZ31 - AY31 ) -> 0 | BB31: =IFERROR((AW31+AX31)/BA31,0) -> 0 | BE31: =AK31+AQ31+AW31+BC31 -> 49.21 | BF31: =AL31+AR31+AX31+BD31 -> 0 | BG31: 19
O32: 16 | P32: 8 | Y32: 16 | AA32: 10
B33: 2012 | C33: 21 | D33: 72.2 | E33: 3 | F33: 4 | G33: 5 | H33: 6 | I33: 7 | J33: 8 | K33: 9 | L33: 10 | M33: 11 | N33: 12 | O33: 13 | P33: 1 | Q33: 2 | R33: 3 | S33: 4 | T33: 5 | U33: 6 | V33: 7 | W33: 8 | X33: 9 | Y33: 10 | Z33: 1 | AA33: 2 | AB33: 3 | AC33: 4 | AD33: 5 | AE33: 6 | AF33: 7 | AG33: 8 | AH33: 9 | AI33: 10 | AJ33: =SUM(D34:AI34) -> 71 | AK33: =8.82+26.84+12.3 -> 47.96 | AO33: =IF(COUNT(AM33,AN33)<2, "0", AN33 - AM33 + 1) -> 0 | AP33: =IFERROR((AK33+AL33)/AO33,0) -> 0 | AQ33: =21.04 -> 21.04 | AU33: =IF(COUNT(AS33,AT33)<2, "0", AT33 - AS33 ) -> 0 | AV33: =IFERROR((AQ33+AR33)/AU33,0) -> 0 | BA33: =IF(COUNT(AY33,AZ33)<2, "0", AZ33 - AY33 ) -> 0 | BB33: =IFERROR((AW33+AX33)/BA33,0) -> 0 | BE33: =AK33+AQ33+AW33+BC33 -> 69 | BF33: =AL33+AR33+AX33+BD33 -> 0 | BG33: 20
F34: 11 | H34: 13 | P34: 8 | Q34: 15 | Z34: 16 | AA34: 8
B35: 2012 | C35: 22 | D35: 52.3 | E35: 15 | F35: 16 | G35: 17 | H35: 18 | I35: 1 | J35: 2 | K35: 3 | L35: 4 | M35: 5 | N35: 6 | O35: 7 | P35: 8 | Q35: 9 | R35: 1 | S35: 2 | T35: 3 | U35: 4 | V35: 5 | W35: 6 | X35: 7 | Y35: 8 | Z35: 9 | AA35: 1 | AB35: 2 | AC35: 3 | AD35: 4 | AE35: 5 | AF35: 6 | AG35: 7 | AH35: 8 | AI35: 9 | AJ35: =SUM(D36:AI36) -> 54 | AK35: =11.55+19.48+15.54 -> 46.57 | AO35: =IF(COUNT(AM35,AN35)<2, "0", AN35 - AM35 + 1) -> 0 | AP35: =IFERROR((AK35+AL35)/AO35,0) -> 0 | AQ35: =24.74+21.51+3.23 -> 49.48 | AU35: =IF(COUNT(AS35,AT35)<2, "0", AT35 - AS35 ) -> 0 | AV35: =IFERROR((AQ35+AR35)/AU35,0) -> 0 | BA35: =IF(COUNT(AY35,AZ35)<2, "0", AZ35 - AY35 ) -> 0 | BB35: =IFERROR((AW35+AX35)/BA35,0) -> 0 | BE35: =AK35+AQ35+AW35+BC35 -> 96.05 | BF35: =AL35+AR35+AX35+BD35 -> 0 | BG35: 21
I36: 14 | R36: 16 | AA36: 7 | AB36: 17
A37: NU AZANI | B37: 2010 | C37: 8 | D37: 61.6 | E37: 2 | F37: 3 | G37: 4 | H37: 5 | I37: 6 | J37: 7 | K37: 8 | L37: 9 | M37: 10 | N37: 11 | O37: 12 | P37: 13 | Q37: 14 | R37: 15 | S37: 16 | T37: 17 | U37: 18 | V37: 19 | W37: 20 | X37: 21 | Y37: 1 | Z37: 2 | AA37: 3 | AB37: 4 | AC37: 5 | AD37: 6 | AE37: 7 | AF37: 8 | AG37: 9 | AH37: 10 | AI37: 1 | AJ37: =SUM(D38:AI38) -> 44 | AK37: =4.03+7.49+11.9+5.96 -> 29.38 | AO37: =IF(COUNT(AM37,AN37)<2, "0", AN37 - AM37 + 1) -> 0 | AP37: =IFERROR((AK37+AL37)/AO37,0) -> 0 | AQ37: =3.79+3.71+2.32+4.35+8.45 -> 22.62 | AU37: =IF(COUNT(AS37,AT37)<2, "0", AT37 - AS37 ) -> 0 | AV37: =IFERROR((AQ37+AR37)/AU37,0) -> 0 | BA37: =IF(COUNT(AY37,AZ37)<2, "0", AZ37 - AY37 ) -> 0 | BB37: =IFERROR((AW37+AX37)/BA37,0) -> 0 | BE37: =AK37+AQ37+AW37+BC37 -> 52 | BF37: =AL37+AR37+AX37+BD37 -> 0 | BG37: 11
F38: 6 | H38: 7 | I38: 8 | J38: 4 | Y38: 10 | AI38: 9
B39: 2010 | C39: 9 | D39: 38.3 | E39: 18 | F39: 19 | G39: 20 | H39: 21 | I39: 22 | J39: 1 | K39: 2 | L39: 3 | M39: 4 | N39: 5 | O39: 6 | P39: 7 | Q39: 8 | R39: 9 | S39: 10 | T39: 11 | U39: 12 | V39: 13 | W39: 14 | X39: 15 | Y39: 16 | Z39: 1 | AA39: 2 | AB39: 3 | AC39: 4 | AD39: 5 | AE39: 6 | AF39: 7 | AG39: 8 | AH39: 9 | AI39: 10 | AJ39: =SUM(D40:AI40) -> 40 | AK39: =7.25 -> 7.25 | AO39: =IF(COUNT(AM39,AN39)<2, "0", AN39 - AM39 + 1) -> 0 | AP39: =IFERROR((AK39+AL39)/AO39,0) -> 0 | AQ39: =4.7+16.03+8.54 -> 29.27 | AU39: =IF(COUNT(AS39,AT39)<2, "0", AT39 - AS39 ) -> 0 | AV39: =IFERROR((AQ39+AR39)/AU39,0) -> 0 | AW39: =12.55+18.61 -> 31.16 | BA39: =IF(COUNT(AY39,AZ39)<2, "0", AZ39 - AY39 ) -> 0 | BB39: =IFERROR((AW39+AX39)/BA39,0) -> 0 | BE39: =AK39+AQ39+AW39+BC39 -> 67.68 | BF39: =AL39+AR39+AX39+BD39 -> 0 | BG39: 22
J40: 4 | K40: 8 | L40: 8 | Z40: 10 | AA40: 10
B41: 2010 | C41: 12 | D41: 71 | E41: 15 | F41: 16 | G41: 17 | H41: 18 | I41: 19 | J41: 20 | K41: 21 | L41: 22 | M41: 23 | N41: 1 | O41: 2 | P41: 3 | Q41: 4 | R41: 5 | S41: 6 | T41: 7 | U41: 8 | V41: 9 | W41: 10 | X41: 11 | Y41: 12 | Z41: 13 | AA41: 14 | AB41: 1 | AC41: 2 | AD41: 3 | AE41: 4 | AF41: 5 | AG41: 6 | AH41: 7 | AI41: 8 | AJ41: =SUM(D42:AI42) -> 64 | AK41: =11.66+3.08 -> 14.74 | AO41: =IF(COUNT(AM41,AN41)<2, "0", AN41 - AM41 + 1) -> 0 | AP41: =IFERROR((AK41+AL41)/AO41,0) -> 0 | AQ41: =14.57 -> 14.57 | AU41: =IF(COUNT(AS41,AT41)<2, "0", AT41 - AS41 ) -> 0 | AV41: =IFERROR((AQ41+AR41)/AU41,0) -> 0 | BA41: =IF(COUNT(AY41,AZ41)<2, "0", AZ41 - AY41 ) -> 0 | BB41: =IFERROR((AW41+AX41)/BA41,0) -> 0 | BE41: =AK41+AQ41+AW41+BC41 -> 29.31 | BF41: =AL41+AR41+AX41+BD41 -> 0 | BG41: 10
N42: 7 | O42: 8 | P42: 8 | Q42: 8 | R42: 8 | AB42: 5 | AC42: 10 | AD42: 10
B43: 2011 | C43: 10 | D43: 19.1 | E43: 16 | F43: 17 | G43: 18 | H43: 19 | I43: 20 | J43: 21 | K43: 22 | L43: 23 | M43: 1 | N43: 2 | O43: 3 | P43: 4 | Q43: 5 | R43: 6 | S43: 7 | T43: 8 | U43: 9 | V43: 10 | W43: 11 | X43: 12 | Y43: 13 | Z43: 14 | AA43: 15 | AB43: 1 | AC43: 2 | AD43: 3 | AE43: 4 | AF43: 5 | AG43: 6 | AH43: 7 | AI43: 8 | AJ43: =SUM(D44:AI44) -> 13 | AK43: =3.55+17.32+11.12+11.95+12.77+4.47 -> 61.18 | AO43: =IF(COUNT(AM43,AN43)<2, "0", AN43 - AM43 + 1) -> 0 | AP43: =IFERROR((AK43+AL43)/AO43,0) -> 0 | AQ43: =24.2+14.42+19.29+4.06 -> 61.97 | AU43: =IF(COUNT(AS43,AT43)<2, "0", AT43 - AS43 ) -> 0 | AV43: =IFERROR((AQ43+AR43)/AU43,0) -> 0 | BA43: =IF(COUNT(AY43,AZ43)<2, "0", AZ43 - AY43 ) -> 0 | BB43: =IFERROR((AW43+AX43)/BA43,0) -> 0 | BE43: =AK43+AQ43+AW43+BC43 -> 123.15 | BF43: =AL43+AR43+AX43+BD43 -> 0 | BG43: 8
M44: 8 | AB44: 5
B45: 2011 | C45: 13 | D45: 60.8 | E45: 8 | F45: 9 | G45: 10 | H45: 11 | I45: 12 | J45: 13 | K45: 14 | L45: 15 | M45: 16 | N45: 17 | O45: 18 | P45: 19 | Q45: 20 | R45: 21 | S45: 22 | T45: 23 | U45: 24 | V45: 1 | W45: 2 | X45: 3 | Y45: 4 | Z45: 5 | AA45: 6 | AB45: 7 | AC45: 8 | AD45: 9 | AE45: 10 | AF45: 1 | AG45: 2 | AH45: 3 | AI45: 4 | AJ45: =SUM(D46:AI46) -> 53 | AK45: =4.04+15.72+8.15 -> 27.91 | AO45: =IF(COUNT(AM45,AN45)<2, "0", AN45 - AM45 + 1) -> 0 | AP45: =IFERROR((AK45+AL45)/AO45,0) -> 0 | AQ45: =3.23+31.31 -> 34.54 | AU45: =IF(COUNT(AS45,AT45)<2, "0", AT45 - AS45 ) -> 0 | AV45: =IFERROR((AQ45+AR45)/AU45,0) -> 0 | BA45: =IF(COUNT(AY45,AZ45)<2, "0", AZ45 - AY45 ) -> 0 | BB45: =IFERROR((AW45+AX45)/BA45,0) -> 0 | BE45: =AK45+AQ45+AW45+BC45 -> 62.45 | BF45: =AL45+AR45+AX45+BD45 -> 0 | BG45: 9
V46: 10 | W46: 10 | X46: 10 | AF46: 5 | AG46: 9 | AH46: 9
B47: 2011 | C47: 18 | D47: 40.8 | E47: 11 | F47: 12 | G47: 13 | H47: 14 | I47: 15 | J47: 16 | K47: 17 | L47: 18 | M47: 19 | N47: 20 | O47: 21 | P47: 22 | Q47: 23 | R47: 24 | S47: 1 | T47: 2 | U47: 3 | V47: 4 | W47: 5 | X47: 6 | Y47: 7 | Z47: 8 | AA47: 9 | AB47: 10 | AC47: 11 | AD47: 12 | AE47: 1 | AF47: 2 | AG47: 3 | AH47: 4 | AI47: 5 | AJ47: =SUM(D48:AI48) -> 35 | AK47: =13.26+11.12+22.2+12.22 -> 58.8 | AO47: =IF(COUNT(AM47,AN47)<2, "0", AN47 - AM47 + 1) -> 0 | AP47: =IFERROR((AK47+AL47)/AO47,0) -> 0 | AQ47: =28.3+7.29+4.08 -> 39.67 | AU47: =IF(COUNT(AS47,AT47)<2, "0", AT47 - AS47 ) -> 0 | AV47: =IFERROR((AQ47+AR47)/AU47,0) -> 0 | BA47: =IF(COUNT(AY47,AZ47)<2, "0", AZ47 - AY47 ) -> 0 | BB47: =IFERROR((AW47+AX47)/BA47,0) -> 0 | BE47: =AK47+AQ47+AW47+BC47 -> 98.47 | BF47: =AL47+AR47+AX47+BD47 -> 0 | BG47: 12
S48: 10 | U48: 10 | AE48: 10 | AF48: 5
A49: WENDELINUS | B49: 2015 | C49: 25 | D49: 36.64 | E49: 5 | F49: 6 | G49: 7 | H49: 8 | I49: 9 | J49: 10 | K49: 11 | L49: 12 | M49: 13 | N49: 14 | O49: 15 | P49: 16 | Q49: 1 | R49: 2 | S49: 3 | T49: 4 | U49: 5 | V49: 6 | W49: 7 | X49: 8 | Y49: 9 | Z49: 10 | AA49: 11 | AB49: 12 | AC49: 13 | AD49: 14 | AE49: 15 | AF49: 1 | AG49: 2 | AH49: 3 | AI49: 4 | AJ49: =SUM(D50:AI50) -> 25 | AK49: =11.79+16.97 -> 28.76 | AO49: =IF(COUNT(AM49,AN49)<2, "0", AN49 - AM49 + 1) -> 0 | AP49: =IFERROR((AK49+AL49)/AO49,0) -> 0 | AQ49: =7.76+11.91+16.39+6.92 -> 42.98 | AU49: =IF(COUNT(AS49,AT49)<2, "0", AT49 - AS49 ) -> 0 | AV49: =IFERROR((AQ49+AR49)/AU49,0) -> 0 | AW49: =8.58 -> 8.58 | BA49: =IF(COUNT(AY49,AZ49)<2, "0", AZ49 - AY49 ) -> 0 | BB49: =IFERROR((AW49+AX49)/BA49,0) -> 0 | BE49: =AK49+AQ49+AW49+BC49 -> 80.32 | BF49: =AL49+AR49+AX49+BD49 -> 0 | BG49: 13
Q50: 4 | R50: 7 | S50: 7 | AF50: 7
C51: 26A | D51: 22.75 | E51: 12 | F51: 13 | G51: 14 | H51: 15 | I51: 16 | J51: 17 | K51: 18 | L51: 1 | M51: 2 | N51: 3 | O51: 4 | P51: 5 | Q51: 6 | R51: 7 | S51: 8 | T51: 9 | U51: 10 | V51: 11 | W51: 12 | X51: 13 | Y51: 14 | Z51: 15 | AA51: 16 | AB51: 17 | AC51: 18 | AD51: 19 | AE51: 1 | AF51: 2 | AG51: 3 | AH51: 4 | AI51: 5 | AJ51: =SUM(D52:AI52) -> 21 | AK51: =4.32+4.24+4.33+3.68+5.68+7.94+12.04+2.97 -> 45.2 | AO51: =IF(COUNT(AM51,AN51)<2, "0", AN51 - AM51 + 1) -> 0 | AP51: =IFERROR((AK51+AL51)/AO51,0) -> 0 | AQ51: =13.29+8.76+10.7 -> 32.75 | AU51: =IF(COUNT(AS51,AT51)<2, "0", AT51 - AS51 ) -> 0 | AV51: =IFERROR((AQ51+AR51)/AU51,0) -> 0 | AW51: =3.28+8.56+12.54 -> 24.38 | BA51: =IF(COUNT(AY51,AZ51)<2, "0", AZ51 - AY51 ) -> 0 | BB51: =IFERROR((AW51+AX51)/BA51,0) -> 0 | BE51: =AK51+AQ51+AW51+BC51 -> 102.33 | BF51: =AL51+AR51+AX51+BD51 -> 0 | BG51: 18
L52: 7 | M52: 7 | AE52: 7
